ID,Answer
1151-10-1,領先盤
1151-10-2,一盤中戰至6比6時
1151-10-3,決勝局必定是單數局
1151-11-1,雙打比賽
1151-11-2,一局特殊的決勝局
1151-11-3,雙打比賽
1151-13-1,7局比賽後
1151-13-2,健全人
1151-13-3,輪椅網球比賽
1151-23-1,網球正拍
1151-23-2,下旋球
1151-23-3,雙反
1151-3-1,英國倫敦溫布頓
1151-3-2,美國國家草地網球聯盟
1151-3-3,大滿貫
1151-8-1,國際網球協會
1151-8-2,失一分
1151-8-3,失分
5600-3-1,五分之一
5600-3-2,印度
5600-3-3,北京
5645-11-1,北平綏靖公署主任張學良轉任軍事委員會北平分會副委員長
5645-11-2,《塘沽協定》
5645-11-3,湯玉麟
5645-17-1,二二八事件
5645-17-2,1949年
5645-17-3,折下吉延
5645-17-4,白色
5645-2-1,楊宇霆
5645-2-2,1918年
5645-2-3,東三省巡閱使衛隊旅旅長
5645-2-4,郭松齡
5645-20-1,1961年
5645-20-2,于鳳至
5645-20-3,佛教
5645-20-4,1955年
5645-20-5,2016年
5645-22-1,1924年
5645-22-2,郭松齡
5645-22-3,楊宇霆
5645-22-4,米勒
5645-5-1,1925年
5645-5-2,日本關東軍
5645-5-3,河本大作大佐
5645-6-1,南京國民政府青天白日滿地紅旗
5645-6-2,國民政府
5645-6-3,1929年
5645-7-1,中國國民黨
5645-7-2,「特殊黨員
5645-7-3,「革命外交」政策
5645-8-1,伯力
5645-8-2,第一座青天白日勳章
5645-8-3,九一八事變
5597-1-1,倫敦霍洛威
5597-1-2,5次
5597-1-3,戴爾廣場足球俱樂部
5597-1-4,1913年
5597-13-1,1987年
5597-13-2,阿森納
5597-13-3,12次
5597-13-4,全勝紀錄
5597-13-5,恩域塔球場
5597-5-1,赫爾伯特·查普曼
5597-5-2,湯·韋迪加
5597-5-3,1930年
5597-5-4,查普曼
3206-11-1,哈大客運專線
3206-11-2,哈大客運專線
3206-11-3,哈齊客運專線
3206-11-4,大連
3206-11-5,哈大客運專線
3206-8-1,黑龍江
3206-8-2,大慶油田
3206-8-3,重工業
3206-8-4,哈爾濱
6229-1-1,貴霜帝國
6229-1-2,166年
6229-1-3,高品質的衣服布料
6229-1-4,羅馬帝國
6229-3-1,印度洋
6229-3-2,為了更好的與羅馬帝國進行貿易活動
6229-3-3,166年
2435-3-1,自由
2435-3-2,拿破崙
2435-3-3,公民權
2435-3-4,1917年
2435-3-5,威廉二世
2514-4-1,牛胃氣膨脹
2514-4-2,1970年
2514-4-3,1930年代
2514-4-4,1930年代
2514-7-1,改良式腳踏車
2514-7-2,美國登山車協會
2514-7-3,八零年代
2514-7-4,二千九百公尺
2514-7-5,瑞派克路
2514-8-1,1875年
2514-8-2,點石齋畫報
2514-8-3,溥佳
2514-8-4,宮田製銃所
2514-8-5,700家
1165-11-1,鹿兒島
1165-11-2,顯示自己的獨立自主
1165-11-3,義大利耶穌會
1165-12-1,天主教
1165-12-2,1597年
1165-12-3,1637年
1165-4-1,15年
1165-4-2,3年－5年
1165-4-3,神學研究
1165-8-1,1847年
1165-8-2,徐家匯
1165-8-3,耶穌
1165-9-1,義和團事變
1165-9-2,耶穌會
1165-9-3,法國
4941-1-1,美國空軍准將
4941-1-2,普林斯頓大學
4941-1-3,詹姆斯·梅特蘭·史都華
4941-11-1,1943年
4941-11-2,史都華的影迷太多
4941-11-3,史都華
4941-15-1,2部
4941-15-2,吉米·史都華
4941-15-3,《華府風雲》
4941-17-1,5個
4941-17-2,文藝喜劇片
4941-17-3,1949年
4941-17-4,米高梅
4941-20-1,美國聯邦調查局
4941-20-2,1961年
4941-20-3,西部片
4941-24-1,奧圖·普萊明傑
4941-24-2,美國律師協會
4941-24-3,1960年
4941-25-1,家庭喜劇片
4941-25-2,《鳳凰劫》
4941-25-3,南北戰爭
4941-26-1,吉米·史都華
4941-26-2,1962年
4941-26-3,《安邦定國誌》
4941-3-1,1932年
4941-3-2,一百多年
4941-3-3,1929年
4941-36-1,越戰
4941-36-2,詹姆斯·史都華
4941-36-3,加州
4941-5-1,1934年
4941-5-2,7年
4941-5-3,1米93
4941-9-1,美西戰爭
4941-9-2,1941年
4941-9-3,體重過輕
5000-1-1,佛教
5000-1-2,釋迦牟尼
5000-1-3,受道家老子思想的用詞影響
2491-1-1,長沙太守
2491-1-2,荊州劉表
2491-1-3,許貢
2491-1-4,劉琮
2491-1-5,劉備
2491-2-1,江夏
2491-2-2,呂蒙
2491-2-3,復仇
2491-2-4,石亭之戰
5715-2-1,河東道
5715-2-2,民國16年
5715-2-3,1949年
5715-2-4,1955年
5715-2-5,1955年
5715-3-1,1000米
5715-3-2,海河流域
5715-3-3,東部
5715-3-4,汾河
6007-1-1,孟加拉
6007-1-2,帕吉勒提河
6007-1-3,印度教
6007-3-1,道里根加河
6007-3-2,將部分河水導入恆河運河
6007-3-3,喜馬拉雅山
6007-4-1,印度洋
6007-4-2,喜馬拉雅山脈
6007-4-3,印度河及恆河的沖積作用
2529-1-1,加勒比海
2529-1-2,英國
2529-1-3,阿內加達島
2529-1-4,阿拉瓦克印第安人
2529-1-5,歷史學家
2529-5-1,托土拉島
2529-5-2,北大西洋
2529-5-3,阿內加達島
2529-5-4,維京戈達島
5411-2-1,1920年代
5411-2-2,第二次世界大戰
5411-2-3,聯合國
5750-13-1,郭沫若
5750-13-2,「學習偉大領袖毛澤東」
5750-13-3,1959年
5750-15-1,4個
5750-15-2,「大學生研究計劃」
5750-15-3,15%
5750-17-1,1970年
5750-17-2,東校區
5750-17-3,1986年
5750-17-4,校園一卡通
5750-18-1,2012年
5750-18-2,合肥市政府
5750-18-3,玉泉北路
5750-18-4,櫻花大道
5750-19-1,天使路
5750-19-2,文化大革命
5750-19-3,西區圖書館
5750-5-1,1958年
5750-5-2,1958年
5750-5-3,1963年
5750-9-1,八六學潮
5750-9-2,「反對資產階級自由化」運動
5750-9-3,北京物理所任研究員，方勵之調北京天文臺任研究員
3385-1-1,地球大氣層及其他天體之外的虛空區域
3385-1-2,氫
3385-1-3,100公里的高度
3385-1-4,100公里
3385-1-5,7920公里/小時
3447-3-1,《北京條約》
3447-3-2,龍興之地
3447-3-3,移民實邊
3447-3-4,《中俄密約》
3447-3-5,1929年
6424-11-1,保加利亞
6424-11-2,1912年
6424-11-3,保加利亞
6424-13-1,1914年
6424-13-2,法國
6424-13-3,為了確保比利時的中立
6424-14-1,害怕德軍在東線戰線上沒有足夠兵力應付俄國
6424-14-2,為迅速取得西線勝利
6424-14-3,法國獲勝
6424-15-1,1915年
6424-15-2,毒氣
6424-15-3,為了制衡德軍
6424-17-1,俄國發生十月革命
6424-17-2,美軍
6424-17-3,1914年
6424-25-1,1918年
6424-25-2,不願送死
6424-25-3,1918年
6424-3-1,內需市場
6424-3-2,大英帝國
6424-3-3,貿易保護主義。當時德國和日本國內市場狹小而無法發展
2430-14-1,第三產業
2430-14-2,中世紀的漢撒同盟時代
2430-14-3,食品業
2430-14-4,5000噸級
2430-5-1,羅馬帝國
2430-5-2,4世紀
2430-5-3,阿拉曼人
2430-5-4,匈奴人
2430-5-5,1349年
2430-9-1,納粹黨
2430-9-2,猶太會堂
2430-9-3,1945年
2430-9-4,1998年
6310-2-1,原始宗教
6310-2-2,對大自然的崇拜
6310-2-3,舊石器時代
5383-1-1,氦
5383-1-2,加壓
5383-1-3,溫度
4904-1-1,妖怪
4904-1-2,妖怪學，包含在民俗學、民族學、文化人類學
4904-1-3,一切非理性力量的總合
4904-2-1,磷化氫
4904-2-2,江戶時代
4904-2-3,儒家思想
1181-3-1,中生代
1181-3-2,中生代
1181-3-3,新生代時期
1181-8-1,被子植物在白堊紀早期也開始發展，自熱帶地區開始出現，白堊紀的全球氣溫允許被子植物分布到極區。白堊紀早期出現的有木蘭和西番蓮。在白堊紀末期，被子植物已經成為許多地區的大型優勢植物，若以生物量計算，各地的優勢植物仍是蘇鐵、蕨類，直到白堊紀末滅絕事件的發生。在中生代的進程中，早期的大型動物逐漸減少，而小型動物的數量逐漸增多，包含蜥蜴、蛇、可能還有哺乳類、靈長類的祖先。白堊紀末滅絕事件更加重這種傾向，大型的主龍類消失，而鳥類與哺乳類繼續存活至今。中生代末發生了白堊紀滅絕事件，50%的生物滅絕，包括所有的恐龍。大多學者認為有一顆彗星撞擊地球，引起特大氣候變化，很多動物，尤其是冷血動物，無法適應低溫而滅絕。可是為何當時鱷魚一類的冷血動物卻存活，還是無可解答。
1181-8-2,被子植物在白堊紀早期也開始發展，自熱帶地區開始出現，白堊紀的全球氣溫允許被子植物分布到極區。白堊紀早期出現的有木蘭和西番蓮。在白堊紀末期，被子植物已經成為許多地區的大型優勢植物，若以生物量計算，各地的優勢植物仍是蘇鐵、蕨類，直到白堊紀末滅絕事件的發生。在中生代的進程中，早期的大型動物逐漸減少，而小型動物的數量逐漸增多，包含蜥蜴、蛇、可能還有哺乳類、靈長類的祖先。白堊紀末滅絕事件更加重這種傾向，大型的主龍類消失，而鳥類與哺乳類繼續存活至今。中生代末發生了白堊紀滅絕事件，50%的生物滅絕，包括所有的恐龍。大多學者認為有一顆彗星撞擊地球，引起特大氣候變化，很多動物，尤其是冷血動物，無法適應低溫而滅絕。可是為何當時鱷魚一類的冷血動物卻存活，還是無可解答。
1181-8-3,鱷魚
6159-1-1,宋高宗
6159-1-2,金
6159-1-3,岳飛
6159-2-1,積極進攻
6159-2-2,岳飛
6159-2-3,建炎二年
6159-8-1,收到十二道金牌班師回朝之時
6159-8-2,紹興十一年
6159-8-3,《刑部大理寺狀》
6362-1-1,華北平原
6362-1-2,乾隆皇帝
6362-1-3,1所
5546-1-1,皖系軍閥
5546-1-2,三次
5546-1-3,1926年
5546-1-4,1885年
5546-1-5,柏林陸軍學院
5546-4-1,武昌起義
5546-4-2,段祺瑞
5546-4-3,1912年
5546-6-1,段祺瑞
5546-6-2,黎元洪
5546-6-3,馮國璋
5546-6-4,1918年
5546-9-1,北京
5546-9-2,1918年
5546-9-3,靳雲鵬
5445-1-1,世襲制度
5445-1-2,帝位世襲
5445-1-3,次級領導人
5445-1-4,統帥
5764-1-1,10度
5764-1-2,2000公厘
5764-1-3,為爭取陽光
5764-3-1,南緯30度
5764-3-2,300公厘
5764-3-3,防火能力
6493-4-1,廣州鐵路公司
6493-4-2,1936年
6493-4-3,南昌
3247-1-1,申城
3247-1-2,信陽市
3247-1-3,信陽市
3247-1-4,十多個
3247-1-5,信陽市
3247-2-1,八千多年前
3247-2-2,信陽申侯
3247-2-3,期思陂
3247-2-4,孫叔敖
3247-2-5,信陽長台關編鐘
5699-10-1,武漢
5699-10-2,陳誠
5699-10-3,黃琪翔
5699-3-1,浙江紹興浙軍第二旅第六團第三連當見習官
5699-3-2,鄧演達
5699-3-3,孫中山
5699-3-4,蔣中正
5699-4-1,黃埔軍校
5699-4-2,教育副官
5699-4-3,上尉特別官佐，即候差軍官，擔任教育副官
5699-4-4,陳誠
5699-8-1,西京招待所
5699-8-2,蔣介石
5699-8-3,武漢行營副主任
3456-2-1,中國
3456-2-2,英國
3456-2-3,油田
3456-2-4,1909年
3456-2-5,一場消耗戰
3311-4-1,陶瓷
3311-4-2,工藝
3311-4-3,脫殼穿甲彈
3311-4-4,以色列
3311-4-5,英國
3524-2-1,日本
3524-2-2,梁啟超
3524-2-3,胡安·林茲
3524-2-4,意識型態
3524-5-1,意識型態上的極權主義傾向
3524-5-2,馬克思主義
3524-5-3,極權主義
3524-5-4,中產階級
3524-6-1,中華民國台灣
3524-6-2,唯泰主義
3524-6-3,動員勘亂時期臨時條款
3524-6-4,共產黨
3524-6-5,文化大革命
5599-2-1,2012年
5599-2-2,2013年
5599-2-3,金融廳
5599-3-1,1984年
5599-3-2,1996年
5599-3-3,股份制
6092-1-1,聖方濟·沙勿略
6092-1-2,耶穌會
6092-1-3,西班牙人入侵納瓦爾
6092-3-1,中國
6092-3-2,明朝
6092-3-3,建造
6219-2-1,28歲
6219-2-2,三屆
6219-2-3,1991年
5535-3-1,蘇聯
5535-3-2,五角星
5535-3-3,古巴
6375-2-1,英國
6375-2-2,1960年
6375-2-3,阿布巴卡爾
6375-5-1,奈及利亞
6375-5-2,奈及利亞
6375-5-3,民主制度的恢復
6519-1-1,潘普洛納
6519-1-2,1512年
6519-1-3,菲利浦五世
2505-10-1,後代
2505-10-2,南方墨點法
2505-10-3,雜交帶
2505-10-4,西方墨點法
2505-7-1,1967年
2505-7-2,DNA的分子鏈被切開後，還得縫接起來以完成基因的拼接。1967年，科學家們在5個實驗室里幾乎同時發現並提取出一種酶，這種酶可以將兩個DNA片段連線起來，修復好DNA鏈的斷裂口。1974年以後科學界正式肯定了這一發現，並把這種酶叫作DNA連線酶。從此，DNA連線酶就成了名符其實的縫合基因的分子針線。只要在用同一種分子剪刀剪下的兩種DNA碎片中加上分子針線，就會把兩種DNA片段重新連線起來。DNA的操作通常發生在質體內。使用重組DNA技術，例如限制性消化，連線和分子複製製備構建體。其中一種常見的技術是將新的遺傳物質插入宿主基因組中的特定位置，或在所需的能夠敲除的基因組位點產生突變內源基因。基因靶向技術使用同源重組來靶向特定內源基因的期望變化。這在植物和動物中發生的頻率相對較低，並且通常需要使用選擇標記基因。使用工程化核酸酶如鋅指核酸酶，工程改造的歸巢核酸內切酶或由TAL效應物產生的核酸酶，可以大大增強基因靶向的頻率。
2505-7-3,限制性消化
2505-7-4,工程化核酸酶
2505-8-1,遺傳物質
2505-8-2,傳送其基因組進入
2505-8-3,分裂
2505-8-4,生物學研究
2505-9-1,外部刺激
2505-9-2,顯微注射
2505-9-3,植物
2505-9-4,生物動力學
2505-9-5,電穿孔細胞
6419-2-1,大陸性季風氣侯
6419-2-2,120天
6419-2-3,世界三大黑土地
5378-4-1,淮安
5378-4-2,清廣東水師提督
5378-4-3,淮安
4869-1-1,英國
4869-1-2,國家起源說
4869-1-3,1651年
4869-10-1,一種無限制的、自私、而野蠻的競爭情況
4869-10-2,哲學原理研究
4869-10-3,1654年
4869-6-1,1640年
4869-6-2,笛卡爾
4869-6-3,1642年
5418-4-1,29個
5418-4-2,西班牙
5418-4-3,義大利
1167-2-1,亞俄
1167-2-2,突厥汗國
1167-2-3,後金
6418-1-1,《中華人民共和國村民委員會組織法》
6418-1-2,1984年
6418-1-3,1982年
6418-1-4,村民委員會
2518-3-1,希臘
2518-3-2,理查特里維西克
2518-3-3,1829年
2518-3-4,1820年代
2518-3-5,柴油
1150-1-1,天文學家
1150-1-2,中午12點
1150-1-3,小數
1150-2-1,7980年
1150-2-2,1月2日
1150-2-3,约瑟夫·斯卡利格
4949-2-1,阿伊努人
4949-2-2,英國
4949-2-3,狩獵採集社會
3454-3-1,性善論
3454-3-2,閉門思過
3454-3-3,荀子
3454-3-4,荀子
3454-3-5,法家
6292-36-1,推行反共政策
6292-36-2,美國
6292-36-3,菲律賓
6292-38-1,因戰時的盟軍破壞
6292-38-2,銅鑼灣
6292-38-3,50%
6292-39-1,華人
6292-39-2,新加坡
6292-39-3,六十年代
6292-41-1,1980年
6292-41-2,達不到香港女性非常高的擇偶條件
6292-41-3,大陸新移民
6292-41-4,中國政府因開放市場的需要
6292-42-1,廣州
6292-42-2,2009年
6292-42-3,七年
6292-47-1,北角
6292-47-2,福建社團聯會
6292-47-3,蔡素玉
6292-55-1,1898年
6292-55-2,新界
6292-55-3,新界鄉村的代表
6292-58-1,即捕即解實施前
6292-58-2,706萬
6292-58-3,廣東籍
6292-60-1,廣西廣府人
6292-60-2,粵西
6292-60-3,廣州話
6292-62-1,港島區
6292-62-2,許榮茂
6292-62-3,許榮茂
6292-62-4,1997年
6292-66-1,不如
6292-66-2,軍閥混戰
6292-66-3,福建人
6292-71-1,黃大仙區
6292-71-2,香港洗碗工引來全國熱話，香港最低工資
6292-71-3,想取快錢
6292-71-4,90年代
6292-74-1,國民黨
6292-74-2,上海
6292-74-3,1967年
6292-74-4,福建華僑
6292-81-1,2000年代
6292-81-2,外傭
6292-81-3,女性
6135-5-1,「天」的至高無上
6135-5-2,增加西側的空曠程度
6135-5-3,柏樹林
6405-11-1,當地印度組織
6405-11-2,1913年
6405-11-3,孟加拉
6405-12-1,全印穆斯林聯盟
6405-12-2,勒克瑙協定
6405-12-3,憲政改革
6405-12-4,1919年
6405-16-1,「印度國民軍士兵大審判」
6405-16-2,不列顛印度軍隊
6405-16-3,1947年
6405-5-1,爭取民族權利
6405-5-2,為了繼續吞併全印度
6405-5-3,1856年
6405-5-4,奧德
6405-6-1,動物脂肪
6405-6-2,主要由穆斯林和印度教徒構成
6405-6-3,1859年
6405-8-1,管理所屬行政區域的地方官員
6405-8-2,1910年代
6405-8-3,1861年
4885-1-1,1989年
4885-1-2,1952年
4885-1-3,六四天安門事件
5680-4-1,康熙
5680-4-2,光緒年間
5680-4-3,1949年
5680-4-4,靜谷
5680-4-5,中華民國初年
5680-6-1,1979年
5680-6-2,清順治帝
5680-6-3,乾隆
5680-7-1,七間
5680-7-2,涵元門
5680-7-3,涵元殿
5680-7-4,景星殿
6385-11-1,應該維持現狀：儘快宣布獨立
6385-11-2,1954年
6385-11-3,第2758號
6385-12-1,艾森豪
6385-12-2,蔣中正
6385-12-3,麥克阿瑟
6385-14-1,「以農養工」
6385-14-2,1960年代
6385-14-3,高雄
6385-16-1,反共思想
6385-16-2,1968年
6385-16-3,九年一貫之綱要文句太含糊
6385-20-1,王藍
6385-20-2,現代主義文學
6385-20-3,1977年
6385-20-4,1970年代
6385-21-1,健康寫實電影
6385-21-2,臺灣外交困境
6385-21-3,1980年代
6385-5-1,《動員戡亂時期臨時條款》
6385-5-2,1949年
6385-5-3,《臺灣自救運動宣言》
6385-7-1,1989年
6385-7-2,臺灣舉行總統大選
6385-7-3,分散了泛國民黨支持者的票源
6385-8-1,馬英九
6385-8-2,2008年
6385-8-3,1席
5673-1-1,1998年
5673-1-2,香港國際機場
5673-1-3,東涌線
5673-3-1,衛奕信
5673-3-2,啟德機場
5673-3-3,機場快線
5673-3-4,1996年
6153-2-1,德國
6153-2-2,1651年
6153-2-3,四角號碼檢字法
6479-2-1,1237年
6479-2-2,拒絕投降
6479-2-3,伏爾加河
6479-3-1,志費尼
6479-3-2,元太宗
6479-3-3,突厥語
6479-4-1,突厥語
6479-4-2,吉爾吉斯人
6479-4-3,11世紀
6479-4-4,基督教
5725-1-1,兩個
5725-1-2,特瓦族
5725-1-3,特瓦族
5725-1-4,法語
5725-10-1,2010年
5725-10-2,過渡時期憲法
5725-10-3,多黨制
5725-12-1,70%
5725-12-2,圖西族
5725-12-3,哈比亞利馬納
5725-12-4,2010年
5725-17-1,紐格威森林
5725-17-2,金合歡
5725-17-3,火山國家公園
5725-18-1,731美元
5725-18-2,中華人民共和國
5725-18-3,盧安達法郎
5725-18-4,2015年
5725-2-1,2000年
5725-2-2,五個省
5725-2-3,盧安達
5725-2-4,1884年
5725-2-5,比利時
5725-24-1,天主教
5725-24-2,比利時
5725-24-3,盧安達語
5725-27-1,羅非魚
5725-27-2,比利時
5725-27-3,羊肉
5725-28-1,9年
5725-28-2,卡加梅
5725-28-3,2009年
5725-9-1,1994年
5725-9-2,薩伊
5725-9-3,45%
1186-2-1,預覽阿爾法版本
1186-2-2,希臘
1186-2-3,第一個階段
2534-1-1,西部
2534-1-2,冬無嚴寒
2534-1-3,漢武帝時期
2534-1-4,昆明千戶所，昆明始作為地名出現，延續至今。昆明一詞的含義，東晉常璩解釋說：夷人大種日昆，小種日叟。這句話可以解釋為人口眾多的昆明族。
2534-2-1,前279年
2534-2-2,漢武帝
2534-2-3,諸葛亮
2534-2-4,忽必烈
2534-5-1,1891米
2534-5-2,印度洋暖濕氣流
2534-5-3,21473平方公里
2534-5-4,第六次全國人口普查
2534-7-1,昆明巫家壩國際機場
2534-7-2,長水村
2534-7-3,4000米
2534-7-4,臺北
2534-8-1,滬昆高速公路
2534-8-2,公共汽車
2534-8-3,昆明公交公司
2534-8-4,236路車
3384-11-1,王光美
3384-11-2,黨內上層
3384-11-3,官僚主義者階級
3384-11-4,資本主義
3384-11-5,敵我矛盾
3384-15-1,1969年11月12日
3384-15-2,1980年2月24日
3384-15-3,鄧小平
3384-15-4,江青
3384-15-5,好在歷史是人民寫的
3384-7-1,周恩來
3384-7-2,周恩來
3384-7-3,毛澤東
3384-7-4,毛澤東
3384-7-5,劉少奇
3384-8-1,1953年12月
3384-8-2,大躍進運動
3384-8-3,1959年
3384-8-4,1958年底
3384-8-5,劉少奇為了維護毛的權威
3384-9-1,1961年
3384-9-2,毛澤東
3384-9-3,周恩來
3384-9-4,三分天災，七分人禍
3384-9-5,經濟建設
2448-2-1,工業發展
2448-2-2,伊爾庫茨克國立大學
2448-2-3,1997年
2448-2-4,銀色
2448-2-5,貝加爾湖
1164-2-1,肺呼氣機制
1164-2-2,三種不同的輔音長度
1164-2-3,氣流機制是通過聲道的氣流的產生機制。在大多數語言中，所有輔音都採取肺呼氣機制，但部分語言也會使用緊喉音、內破音、搭嘴音等氣流機制不同的輔音。長度為輔音的發音中，阻塞維持的時間。在日語、義大利語、芬蘭語等語言中，一般輔音與雙輔音代表不同的音位。在愛沙尼亞語及少數其他語言中，甚至有三種不同的輔音長度，雖然牽涉其中的發音差異較為複雜。發音時的力道是一個尚未完全確立的特點，因為目前沒有觀察到任何語言純綷以力道來區分不同輔音。所有的輔音均能以上述的特點加以描述，有些輔音會被區分為強或弱。所有的語言都有塞音，每一種語言至少會有其中的兩個音位。絕大多數語言至少都有一個鼻音音位。比如，阿拉巴霍語。大多數種類的語言都具有流音音位，只有少數種類的語言沒有流音，如達科他語、黑腳族語、艾非可語、西奧納語。
6433-1-1,參議院
6433-1-2,兩年
6433-1-3,眾議院
6433-2-1,1787年
6433-2-2,詹姆士·麥迪遜
6433-2-3,1789年
6433-2-4,北方的人口較南方多出許多
6433-3-1,聯邦在內戰中取勝
6433-3-2,湯瑪斯·勃蘭契特·瑞德
6433-3-3,「1910年革命
4912-6-1,一條簡單的直線
4912-6-2,1928年
4912-6-3,電視
4912-9-1,1939年
4912-9-2,二戰的爆發
4912-9-3,德國
4912-9-4,1972年
4946-1-1,一個環境涵蓋了所有生物之間的相互作用
4946-1-2,熱帶稀樹草原
4946-1-3,岩石圈
4946-3-1,小河流
4946-3-2,二氧化碳
4946-3-3,調節氣溫
4946-3-4,河川是一個天然的水道，通常為淡水，流向海洋、湖泊或另一條河川。在少數的情況下，河川在進入另一個水體之前，會先流入地面或完全蒸發。小河流又被稱為溪流、小溪或小河。河川是水文循環的一個部分，可以收集地表徑流水；補充地下水及泉水；將儲存型態為冰川和積雪的水資源釋出至環境中。地球上的大氣層是維持生態系統運作的一個重要因素，這層壟罩地球的薄薄的氣體是由重力所吸引聚集而成。乾燥空氣是由78%的氮氣、21%的氧氣及1%的氬氣及惰性氣體，如二氧化碳所組成。其它氣體通常被稱為微量氣體，其中有溫室氣體，如水蒸氣、二氧化碳、甲烷、一氧化二氮、臭氧。過濾後的空氣有其它微量化學物質的蹤跡。在未過濾的空氣中，存在著許多微量的自然物質，包括灰塵，花粉和孢子，浪花，火山灰和流星。各種化學物質也可能存在於空氣中，如氯、氟化合物、元素汞、二氧化硫和硫的化合物如SO2。地球大氣的臭氧層能夠減少紫外線輻射到達地球表面的量，保護地表上生物的DNA不被紫外線損壞。大氣層還有調節氣溫的功能，在晚間可以保存熱量，減少每日極端溫度的產生。氣候包括溫度，濕度，氣壓，風力，降水量，大氣粒子數及眾多其他氣象要素在很長時期及特定區域內的統計數據。與氣候相比，天氣是指這些氣象要素在近兩周內的實時狀態。氣候可根據不同氣象要素的平均範圍和特殊範圍進行分類，最常採用的變數為溫度和降水量。其中最常使用Koppen氣候分類系統。
6032-1-1,哈林河
6032-1-2,曼哈頓
6032-1-3,美國
6107-1-1,法國
6107-1-2,普法戰爭
6107-1-3,毛奇
6107-2-1,麥茨要塞
6107-2-2,9月1日
6107-2-3,法蘭西第二帝國
5731-2-1,北京電視台
5731-2-2,1958年
5731-2-3,1978年
5731-2-4,1988年
5731-4-1,2014年
5731-4-2,2016年
5731-4-3,1999年
5731-4-4,中央電視台高清綜合頻道
6020-1-1,豐田汽車
6020-1-2,1964年
6020-1-3,豐田汽車
6020-1-4,1980年代
6020-3-1,43.4%
6020-3-2,1990年代
6020-3-3,聯盟合作
6464-7-1,契約經濟
6464-7-2,石油危機
6464-7-3,37年
6047-2-1,新石器時代
6047-2-2,金石並用時代
6047-2-3,階級社會
6088-2-1,2000年
6088-2-2,交通部觀光局東北角暨宜蘭海岸國家風景區管理處
6088-2-3,福建林家
3324-1-1,中華民國實業部
3324-1-2,經濟部
3324-1-3,《中華民國臨時政府組織大綱》
3324-1-4,農礦部
1196-10-1,盟旗制
1196-10-2,盟旗制
1196-10-3,光緒十年
6214-1-1,中華人民共和國
6214-1-2,兩個
6214-1-3,1952年
6214-2-1,1966年
6214-2-2,被迫外遷
6214-2-3,國家地質總局
6214-4-1,1975年
6214-4-2,高等學校新生入學考試制度
6214-4-3,1980年
6214-5-1,1987年
6214-5-2,1987年
6214-5-3,地質類學科
1179-1-1,8200年
1179-1-2,道縣玉蟾岩
1179-1-3,玉米
1179-10-1,鬍鬚狀
1179-10-2,自體授粉
1179-10-3,隔壁雌粉上頭。與雌粉子房
1179-13-1,長高約八公分
1179-13-2,左手的大拇指
1179-13-3,八公分
1179-15-1,金黃飽滿
1179-15-2,三合院的前院
1179-15-3,免耕拋秧法
1179-22-1,米香
1179-22-2,米菓
1179-22-3,港式酒樓
1179-28-1,嚇阻鳥群
1179-28-2,製造空氣污染
1179-28-3,就地掩埋
1179-29-1,約5～8％
1179-29-2,亞洲
1179-29-3,國際水稻基因定序工程
1179-3-1,1083種
1179-3-2,粳稻
1179-3-3,中國科學院上海生命科學研究院韓斌為首的研究團隊，匯集出巨大資料庫，用來比對稻米基因體序列之細微變化。此資料庫涵蓋各地不同類型的普通野生稻計446種，粳稻和秈稻共1083種。野生稻是現在食用、販賣稻米的原生種。若干理論認為秈稻與野生稻是各自獨立栽培出來的，研究人員表示，透過拼出稻米品種的譜系，就能證明這種理論是錯的。第一種秈稻應是由粳稻和野生稻雜交培育而成。這個雜交種後來傳到東南亞、南亞，農民為適應各地環境，栽培出數種品種，因而產生獨特的秈稻。秈稻有20%左右為直鏈澱粉。屬中黏性。秈稻起源於亞熱帶，種植於熱帶和亞熱帶地區，生長期短，在無霜期長的地方一年可多次成熟。去殼成為秈米後，外觀細長、透明度低。
1179-33-1,「你吃飯了嗎？」
1179-33-2,李紳
1179-33-3,農歷新年
1179-38-1,農耕節
1179-38-2,南越地區
1179-38-3,越南
1179-4-1,紅
1179-4-2,一年
1179-4-3,粳稻
6018-1-1,二
6018-1-2,西洋棋殘局
6018-1-3,11世紀
5780-10-1,心室底壁組織
5780-10-2,球皺褶
5780-10-3,球皺褶
5780-15-1,內層的漿膜心包和外層的纖維心包
5780-15-2,髒層
5780-15-3,髒層
5780-15-4,閏盤
5780-15-5,階梯狀
5780-16-1,連接子
5780-16-2,鈣離子
5780-16-3,機械門控通道
5780-17-1,自律性
5780-17-2,神經源性
5780-17-3,自律心肌細胞
5780-22-1,第二心音
5780-22-2,第二心音
5780-22-3,心房音
5780-22-4,第二心音
5780-3-1,靜止心率
5780-3-2,心血管疾病
5780-3-3,聽診器
5780-6-1,管道
5780-6-2,兩棲動物
5780-6-3,雙循環泵
2500-1-1,微波訊號
2500-1-2,類比訊號
2500-1-3,90年代
2500-1-4,法國電信
6169-1-1,15個
6169-1-2,自由聯合關係
6169-1-3,1964年
6169-2-1,完成了內部自治的體制
6169-2-2,阿瓦魯阿
6169-2-3,火山活動
6089-1-1,在軌道上驅動列車
6089-1-2,在列車前面拉動
6089-1-3,縱貫鐵路山線段
6089-3-1,喬治·史蒂芬生
6089-3-2,第一條公共蒸汽鐵路
6089-3-3,第二次世界大戰
4997-10-1,1945年
4997-10-2,南斯拉夫社會主義聯邦共和國
4997-10-3,土耳其
4997-10-4,亞歷山大一世被刺殺
4997-2-1,1924年
4997-2-2,亞歷山大一世
4997-2-3,塞爾維亞反對黨
4997-4-1,1920年
4997-4-2,政府採取反共措施
4997-4-3,牛隻列印問題
4997-5-1,普選制度
4997-5-2,國家成立後有爭取婦女普選權的運動，故此只是把普選局限於男性
4997-5-3,激進黨
4997-7-1,1928年
4997-7-2,「1月6日獨裁」
4997-7-3,亞歷山大一世
4997-8-1,1932年
4997-8-2,馬其頓內部革命組織
4997-8-3,種族區分
4997-8-4,8月26日
4997-9-1,1939年
4997-9-2,英國
4997-9-3,米蘭·內迪奇將軍
4944-3-1,1599年
4944-3-2,德川家康
4944-3-3,閏3月19日
4944-6-1,德川家康
4944-6-2,1603年
4944-6-3,毛利家
5677-3-1,成熟階段
5677-3-2,消亡階段
5677-3-3,不穩定性
6332-2-1,德川家康
6332-2-2,中日甲午戰爭
6332-2-3,1945年
6332-3-1,1949年
6332-3-2,為會議提供傳譯服務
6332-3-3,廣島市
3557-1-1,太白，號青蓮居士
3557-1-2,李白
3557-1-3,賀知章
3557-1-4,唐文宗
3557-1-5,杜甫
5644-2-1,《時代》
5644-2-2,摩利爾法學院
5644-2-3,甘迺迪政府學院
5644-5-1,美國大蕭條時期
5644-5-2,60年代
5644-5-3,印第安納大學俱樂部
5644-6-1,1999年
5644-6-2,愛格思海金斯公司
5644-6-3,貝聿銘
5714-2-1,乾旱
5714-2-2,夏季
5714-2-3,文章奧府
5714-2-4,黃庭堅的曾祖父黃中理
5714-2-5,周敦頤
3224-1-1,隆武帝
3224-1-2,田川氏出身於日本肥前國平戶島。鄭成功出生於母親的故鄉平戶
3224-1-3,倭寇
3224-1-4,台南
3224-1-5,荷蘭人
3224-9-1,銃炮
3224-9-2,海澄公
3224-9-3,以兵馬繁多，非數省不足安插
3224-9-4,李定國
3224-9-5,承諾給予興、泉、漳、潮四郡為封地
1154-10-1,北非的希波大會
1154-10-2,新約正典
1154-10-3,德語聖經
1154-2-1,猶太基督徒
1154-2-2,外邦人
1154-2-3,公元185年
5603-1-1,31個
5603-1-2,29.48萬人
5603-1-3,2009年
5423-1-1,湘西土家族苗族自治州
5423-1-2,花垣鎮
5423-1-3,茶峒鎮
5423-1-4,補抽鄉
6261-1-1,上海鐵路局
6261-1-2,上海南站
6261-1-3,1905年
6261-2-1,西排立
6261-2-2,76間
6261-2-3,對於旅客的換乘和貨物運輸十分不利
6261-7-1,1987年
6261-7-2,為迎接2010年上海世界博覽會的召開
6261-7-3,「三跨一懸挑」
4876-3-1,蝸牛狀
4876-3-2,淋巴液
4876-3-3,耳蝸核
4876-5-1,蝸頂
4876-5-2,聲音引起基底膜的波動是一種行波，從耳蝸基部開始逐步向蝸頂移動，在移動過程中行波的振幅是變化的，振幅最大點的位置及行波移動的距離都隨聲音的頻率而變，振幅最大點在高頻刺激時靠近耳蝸基部，頻率逐漸降低時它逐漸向蝸頂移動，行波振幅最大處基底膜受刺激最強，其位置與頻率的關係是耳蝸頻率分析的基礎。行波理論正確描述了500Hz以上的聲音引起的基底膜活動，但難以解釋500Hz以下的聲音對基底膜的影響。聽神經不同的纖維受刺激後發出的神經衝動可以在時間上錯開，分別與聲波不同的周期同步，每一聲波周期因而都可以有一定數量的纖維同步發放，叫做排放。總體上排放的頻率便與聲音頻率一致，形成聽覺頻率分析的依據。在聽神經纖維上記錄神經衝動的實驗表明，神經衝動不一定是每一聲波周期都發放一次，高頻時一般要隔若干周期才發放一次，但發放的時間總是和聲波周期的相位保持良好的同步關係，說明衝動排放的組成是具備必要條件的。但頻率理論難以解釋人而對聲音頻率的分析。因為基底膜無法做每秒1000次以上的快速運動。這是和人耳能夠接受超過1000Hz以上的聲音不符合的。
4876-5-3,每一聲波周期因而都可以有一定數量的纖維同步發放
5448-1-1,濃度低時
5448-1-2,可以麻痺嗅覺神經
5448-1-3,氫硫酸
5626-2-1,中央窩
5626-2-2,一個
5626-2-3,兩層
5626-4-1,視錐細胞
5626-4-2,紅色
5626-4-3,視網膜神經節細胞
6491-1-1,環境保護主義
6491-1-2,試圖平衡人類和各種自然系統的關係
6491-1-3,環境保護主義
6491-10-1,反文化運動
6491-10-2,1972年
6491-10-3,以和平方式抱住大樹來阻止森林砍伐
6491-13-1,瀕危物種
6491-13-2,通過非暴力方式反對環境破壞行為
6491-13-3,1992年
6491-4-1,煤煙消除會
6491-4-2,1926年
6491-4-3,《1956年清潔空氣法》
2493-13-1,小選舉區制
2493-13-2,長崎縣第1區
2493-13-3,第45屆日本眾議院議員總選舉
2493-13-4,中村法道
2493-13-5,2015年
2493-14-1,第二產業
2493-14-2,耕地面積
2493-14-3,肉牛
2493-14-4,草莓
2493-15-1,15625億
2493-15-2,造船業
2493-15-3,三菱重工業
2493-15-4,三菱重工業
2493-17-1,卓袱
2493-17-2,什錦麵
2493-17-3,陳平順
2493-17-4,卡斯特拉
2493-8-1,土地改革
2493-8-2,三菱
2493-8-3,離島機場
2493-8-4,976毫米
3253-4-1,土耳其
3253-4-2,1963年
3253-4-3,20%
3253-4-4,38%
6413-3-1,2014年
6413-3-2,2013年
6413-3-3,資格賽賽制
2478-5-1,羅納爾迪尼奧
2478-5-2,2-0
2478-5-3,金靴獎
2478-5-4,2010年世界盃
2478-5-5,第18
6263-1-1,義大利
6263-1-2,羅馬帝國
6263-1-3,雷焦卡拉布里亞國家考古博物館
5494-1-1,安定
5494-1-2,1955年
5494-1-3,紅水河
5494-1-4,忻城縣
5381-2-1,銅的礦物
5381-2-2,耐腐蝕性
5381-2-3,鐵
4965-1-1,愛爾蘭語
4965-1-2,愛爾蘭共和國
4965-1-3,希伯來語
4965-1-4,從事農業生產和飼養家畜
6039-2-1,通古斯地區過於偏遠
6039-2-2,1927年
6039-2-3,沒有
1177-18-1,136.03萬人
1177-18-2,1352人／平方公里
1177-18-3,漢族
1177-20-1,2555公里
1177-20-2,2015年年底
1177-20-3,中山
1177-3-1,趙佗
1177-3-2,吳國
1177-3-3,八王之亂
1177-30-1,五桂山
1177-30-2,中山
1177-30-3,中山
1177-34-1,初中
1177-34-2,孫中山
1177-34-3,孫中山
1177-4-1,中山盛產海鹽
1177-4-2,宋端宗
1177-4-3,南宋紹興二十二年
5408-1-1,鍾祥蘭台宮
5408-1-2,興王
5408-1-3,國家歷史文化名城
5408-1-4,亞熱帶季風氣候
5408-1-5,磷礦石
6364-3-1,《南華早報》
6364-3-2,巴拉克·歐巴馬
6364-3-3,佔領行動
6323-2-1,1990年代
6323-2-2,外星人入侵地球電影
6323-2-3,超級英雄
5641-1-1,1500公里
5641-1-2,格爾拉赫峰
5641-1-3,塔特拉山
3284-1-1,拉丁文
3284-1-2,公民化
3284-1-3,文化類似
3284-1-4,美索不達米亞的蘇美爾人
3284-1-5,技術發明
6055-13-1,溫尼伯國際機場
6055-13-2,希洛分基地
6055-13-3,加拿大第三師
6055-4-1,黑土地
6055-4-2,極端大陸性氣候
6055-4-3,大致平坦的地貌
6055-5-1,2007年
6055-5-2,潮濕的大陸性氣候帶
6055-5-3,省級公園
6055-5-4,游隼
5401-1-1,威斯康辛大學麥迪遜分校
5401-1-2,社會學
5401-1-3,1849年
5401-1-4,麗貝卡·布蘭克
2525-1-1,死亡
2525-1-2,協助自殺
2525-1-3,思覺失調症
2525-1-4,生命線
2525-12-1,病態賭徒
2525-12-2,愛滋病毒
2525-12-3,日本
2525-12-4,失眠
2525-2-1,殺蟲劑中毒
2525-2-2,五倍
2525-2-3,亞伯拉罕諸教
2525-2-4,日本武士時代
2525-2-5,英國精神醫學期刊
2525-21-1,伊斯蘭教
2525-21-2,印度教經文
2525-21-3,非暴力實踐空腹死刑
2525-21-4,佛教
2525-3-1,法律
2525-3-2,阿拉伯宗教
2525-3-3,佛教
2525-3-4,精神醫學
2525-3-5,中華人民共和國衛生部
2525-6-1,三倍
2525-6-2,大量安眠藥
2525-6-3,29萬人
2525-6-4,43人
2525-7-1,2000年
2525-7-2,23406人
2525-7-3,經濟
2525-7-4,工業國家
2525-9-1,40人
2525-9-2,1945年
2525-9-3,蒂羅爾
2525-9-4,120%
2525-9-5,上吊方式
6191-1-1,在一固定期間內，一家機構的現金增減變動情形
6191-1-2,財務分析工具
6191-1-3,「資產負債表」
1161-11-1,駱克道
1161-11-2,1990年代
1161-11-3,電影院，當中很多現已不復存在
1161-12-1,外國人
1161-12-2,莫敦梅
1161-12-3,沒有完整校舍
1161-18-1,交通基建
1161-18-2,灣仔碼頭
1161-18-3,2015年6月
1161-5-1,大道東附近
1161-5-2,莊士敦道
1161-5-3,告士打道
1161-6-1,灣仔
1161-6-2,茂蘿街
1161-6-3,藍屋
1161-9-1,較有消費能力的居民
1161-9-2,1920年代
1161-9-3,灣仔
2519-1-1,幾何學
2519-1-2,非歐幾里得幾何
2519-1-3,球面幾何學
2519-1-4,歐德謨
6312-1-1,「豫
6312-1-2,89萬人
6312-1-3,1939年
2535-1-1,外太空
2535-1-2,航宇
2535-1-3,著陸
2535-1-4,軍用航太
2535-1-5,非商用
6095-1-1,明朝
6095-1-2,朱棣
6095-1-3,為了鞏固自己及子孫的統治
6095-10-1,鐵鉉
6095-10-2,濟南
6095-10-3,鐵鉉
6095-20-1,朱棣
6095-20-2,朱文圭
6095-20-3,反對建文帝削藩
6095-3-1,為了提防燕王謀反
6095-3-2,由於屬下被朝廷處死
6095-3-3,七月初四
6095-4-1,指國君身邊的齊泰和黃子澄為奸臣
6095-4-2,七月十一
6095-4-3,朱棣
6250-3-1,雲騎尉
6250-3-2,益州
6250-3-3,唐玄宗
6455-4-1,早已不滿北條氏專制政權
6455-4-2,東勝寺一役
6455-4-3,足利尊氏
5689-2-1,1897年
5689-2-2,福島縣會津地區
5689-2-3,1900年
5689-2-4,1905年
1155-9-1,巴雷
1155-9-2,索馬利亞政府司法系統為基礎，其相似性包括：一個確認伊斯蘭教法
1155-9-3,伊斯蘭教法
5775-1-1,總兵官
5775-1-2,14世紀末
5775-1-3,清朝
5775-1-4,明朝時期
1194-11-1,多倫多
1194-11-2,多倫多
1194-11-3,有色人種
1194-13-1,十年
1194-13-2,多倫多運輸局
1194-13-3,9月
1194-7-1,猶太人
1194-7-2,1960年代
1194-7-3,1980年代
1194-8-1,1998年1月1日
1194-8-2,1967年
1194-8-3,1998年1月1日
1194-9-1,46公里
1194-9-2,大多倫多地區
1194-9-3,安大略湖
5755-1-1,廣東省
5755-1-2,瓊州海峽
5755-1-3,民國三十八年
5755-3-1,民國28年
5755-3-2,解放軍
5755-3-3,民國39年
5755-5-1,《劃一現行各道地方行政官廳組織令》
5755-5-2,民國9年
5755-5-3,高要
5755-7-1,南海縣
5755-7-2,民國19年
5755-7-3,民國32年
5755-7-4,海南特別行政區海口市
5755-8-1,宣統三年九月十九日
5755-8-2,民國5年
5755-8-3,民國14年
5755-8-4,省務會議
5755-8-5,廣東省政府委員會
6021-1-1,中華人民共和國
6021-1-2,牟定縣
6021-1-3,「西南美麗的地方」
6021-2-1,71.7公里
6021-2-2,南華縣
6021-2-3,回族
6322-3-1,二十歲
6322-3-2,李東陽
6322-3-3,弘治十二年
6322-5-1,正德十一年
6322-5-2,正德十三年
6322-5-3,平定南昌的寧王宸濠之亂
6478-10-1,383年
6478-10-2,朱序
6478-10-3,秦軍
6478-15-1,幽州
6478-15-2,採胡漢分治的制度
6478-15-3,北魏
6478-15-4,僑州郡縣
6478-2-1,東晉時期
6478-2-2,匈奴
6478-2-3,陳寅恪
6478-23-1,為了躲避戰亂
6478-23-2,軍事防衛
6478-23-3,承擔國家賦役
6478-25-1,人民頻繁的遷移
6478-25-2,李氏。李雄
6478-25-3,姑臧
6478-25-4,王猛
6478-28-1,當時儒教興盛
6478-28-2,佛教
6478-28-3,西晉
6478-28-4,佛學論書
6478-3-1,川本芳昭
6478-3-2,《資治通鑑》
6478-3-3,南宋洪邁
1160-11-1,關島組織法
1160-11-2,1999年
1160-11-3,1973年
1160-2-1,查莫洛人
1160-2-2,巴黎條約
1160-2-3,關島原住民
6040-2-1,420年
6040-2-2,修道主義
6040-2-3,當耶柔米時在伯利恆修道院
1156-1-1,都市計劃
1156-1-2,都市計劃
1156-1-3,城市物質形態
1156-11-1,規劃
1156-11-2,交通運輸部
1156-11-3,幹線道路
1156-4-1,印度河文明
1156-4-2,紐約市
1156-4-3,希波丹姆
1156-6-1,非常小
1156-6-2,烏托邦
1156-6-3,1970年
5457-1-1,聶耳
5457-1-2,《義勇軍進行曲》
5457-1-3,李煥之
5457-11-1,李克強
5457-11-2,上海楊浦區大連路
5457-11-3,2010年
5457-3-1,九一八事變
5457-3-2,聶耳
5457-3-3,《血盟救國軍軍歌》
5457-6-1,1968年
5457-6-2,《東方紅》
5457-6-3,1975年
5457-6-4,田春蔚
1166-2-1,2002年
1166-2-2,1800個
1166-2-3,維基媒體
1166-4-1,維基媒體基金會
1166-4-2,媒體維基
1166-4-3,第三名
1166-8-1,24%
1166-8-2,為了使編輯長頁面更容易
1166-8-3,第一個用戶嘗試儲存網頁時
6324-1-1,木衛一
6324-1-2,宙斯的戀人之一：埃歐，祂是希拉的女祭司
6324-1-3,硫磺
6324-11-1,未來以任何方式著陸埃歐的探測器都不需要安裝隔熱板來保護儀器
6324-11-2,二氧化硫
6324-11-3,因為該處是最溫暖的
6324-11-4,沒有磁場
6324-4-1,巴納德
6324-4-2,鈉鹽
6324-4-3,高輻射的環境
3517-2-1,奧斯卡·赫特維希
3517-2-2,有絲分裂
3517-2-3,卵細胞受精作用的研究顯示，精子的細胞核
3517-2-4,核質
3297-2-1,1835年
3297-2-2,1835年
3297-2-3,穆昆
3297-2-4,四品
3478-2-1,東漢
3478-2-2,越南陳朝
3478-2-3,喃字
3478-2-4,尊漢思想
3478-2-5,亞歷山大·羅德
3478-3-1,1919年
3478-3-2,漢語
3478-3-3,漢語
3478-3-4,儒字
3478-3-5,古漢語
3478-4-1,《金雲翹傳》
3478-4-2,漢字
3478-4-3,致使它呈現相當混亂的文字使用現象。這現象就如同廣西的方塊壯文書寫一樣，文字的使用並未達成相當的標準化。雖然喃字在越南很早就出現了、而且又是越南人自造的土產，然而它卻沒有辦法取代漢字或與漢字並駕齊驅，蔣為文指出主要有三大原因：第一，受中國價值觀之影響。因為漢字在中國被視為唯一的正統文字，而越南又把中國奉為宗主國，致使越南各朝代均把漢字奉為圭臬、不敢對之不敬。唯一少數欲推行喃字的例子為胡季犛及光中等，然而他們在位期間甚短，致使對喃字的發展影響有限。其中胡季犛因大力推行喃字，因而在中國明朝入侵越南時被押回囚禁在北京。第二，受科舉制度之束縛。由於各朝代均將漢字列為正統、並列在科舉考試之內，致使想當官的文人不得不學漢字、背誦四書五經等。一旦這些人考試入取、功成名就後，當然就繼續擁護漢字的正統地位，因為這樣才能維護他們的既得利益。相形之下，那些沒錄取、略懂漢字的文人因生活周遭與勞苦大眾接觸，為了反應實際需要，就傾向於使用喃字。第三，喃字受先天文字限制。喃字主要是按形聲方式，結合二個漢字來造成一個新字。要懂喃字，一般要先會讀漢字。由於喃字的複雜及未標準化，使得喃字在推行上困難重重。
3478-4-4,受先天文字限制
6122-2-1,振州
6122-2-2,汪大淵
6122-2-3,爪哇
6122-4-1,何鳳山
6122-4-2,清宣統二年
6122-4-3,「永興」
3240-5-1,武漢大學
3240-5-2,1950年代
3240-5-3,國立武昌高等師範學校
3240-5-4,自強學堂
3240-5-5,商務印書館
5528-3-1,1943年
5528-3-2,斯芬·佩斯
5528-3-3,海軍少尉
5528-3-4,1951年
5528-9-1,釣魚台國賓館
5528-9-2,李·亞科卡
5528-9-3,克萊斯勒貸款法案
5528-9-4,共和黨
5771-1-1,江蘇淮安
5771-1-2,明治大學
5771-1-3,副主席
5771-10-1,朱德
5771-10-2,1972年
5771-10-3,上海
5771-10-4,三人團
5771-11-1,遵義會議
5771-11-2,張聞天
5771-11-3,朱德
5771-14-1,1939年
5771-14-2,蔣中正
5771-14-3,1939年
5771-18-1,1952年
5771-18-2,1957年
5771-18-3,計劃委員會
5771-18-4,高崗
5771-23-1,「殖民主義」
5771-23-2,1956年
5771-23-3,1964年
5771-24-1,1964年
5771-24-2,馬林諾夫斯基
5771-24-3,林彪
5771-25-1,周恩來
5771-25-2,「破四舊
5771-25-3,1968年
5771-27-1,1971年
5771-27-2,第26屆
5771-27-3,1972年
5771-27-4,1972年
5771-28-1,1972年
5771-28-2,中共中央副主席
5771-28-3,1973年
5771-3-1,清咸豐年間
5771-3-2,周貽淦
5771-3-3,1910年
5771-31-1,1976年
5771-31-2,鄧小平
5771-31-3,周恩來
5771-32-1,1976年
5771-32-2,反革命事件
5771-32-3,四五運動
5771-32-4,1976年
5771-33-1,鄧穎超
5771-33-2,1925年
5771-33-3,上海
5771-34-1,新婚之夜
5771-34-2,黨費
5771-34-3,莫斯科
6373-1-1,蒙古人
6373-1-2,漢地
6373-1-3,鐵木真於1206年統一漠北諸部族後建立的大蒙古國
6373-10-1,1235年
6373-10-2,命朮赤長子拔都、貴由與蒙哥、速不台等第二代蒙古王子
6373-10-3,乃馬真脫列哥那
6373-11-1,蒙哥
6373-11-2,1258年
6373-11-3,蒙哥汗在合州的釣魚城之戰戰死
6373-13-1,汗位取得不合法
6373-13-2,蒙漢兩元政治
6373-13-3,1262年
6373-15-1,海山
6373-15-2,海山
6373-15-3,元武宗
6373-16-1,武宗系
6373-16-2,孔子
6373-16-3,為了解決元成宗時期的財政危機
6373-17-1,庫里爾台大會
6373-17-2,過度漢化
6373-17-3,海都之亂
6373-23-1,兵分二路
6373-23-2,王保保
6373-23-3,攻占納哈出的金山
6373-31-1,守舊派
6373-31-2,木華黎
6373-31-3,為了便於管理漢地
6373-31-4,忽必烈
6373-36-1,忽必烈
6373-36-2,颱風
6373-36-3,慶元
6373-36-4,1282年
6373-37-1,1284年
6373-37-2,瘟疫四竄
6373-37-3,段思平
6373-43-1,侍衛親軍
6373-43-2,保衛大都
6373-43-3,元滅宋之戰
6373-45-1,元惠宗
6373-45-2,元世祖
6373-45-3,明太祖
6373-46-1,南人
6373-46-2,為了保護蒙古人地位
6373-46-3,斷罰出征，並全征燒埋銀
6373-48-1,宋真宗
6373-48-2,甘蔗
6373-48-3,對保護農業生產
6373-48-4,《農書》
6373-5-1,合不勒汗
6373-5-2,俺巴孩汗被金朝皇帝金熙宗釘在木驢上致死
6373-5-3,鐵木真
6373-56-1,元朝
6373-56-2,儒學
6373-56-3,「合會朱陸」
6373-58-1,合作派
6373-58-2,隱遁鄉里
6373-58-3,元末民變
6373-60-1,溫州
6373-60-2,關漢卿
6373-60-3,《天淨沙》
6373-61-1,《紅樓夢》
6373-61-2,《三國演義》
6373-61-3,羅貫中
6373-62-1,蒙古語
6373-62-2,漢文
6373-62-3,自由放任
6373-73-1,成吉思汗時代
6373-73-2,使郵驛通信十分有效地發揮效能
6373-73-3,木憐道
6373-73-4,郭守時
6373-74-1,馬可波羅
6373-74-2,孔齊
6373-74-3,元帝不重視科舉
6373-74-4,遊牧民族
6373-8-1,海兒汗亦納勒術前後兩次屠殺蒙古商隊並侮辱蒙古使臣
6373-8-2,1218年
6373-8-3,1221年
4899-2-1,兵部右侍郎兼都察院右都御史
4899-2-2,總督
4899-2-3,一省
5406-1-1,用來運貨
5406-1-2,科學博物館
5406-1-3,後現代主義設計
5450-1-1,托木斯克
5450-1-2,1944年
5450-1-3,秋明州
5450-1-4,托木斯克州
5450-4-1,63位
5450-4-2,汽運
5450-4-3,河運
5760-2-1,埃德溫·哈勃
5760-2-2,1944年
5760-2-3,爭議性
5609-1-1,國家預防腐敗局
5609-1-2,2007年
5609-1-3,國家預防腐敗局是中華人民共和國的國家級預防腐敗專門機構，主要負責全國防腐敗工作的協調與策劃，制定反腐政策，檢查與指導社會企業、單位、團體的反腐工作同時負責預防腐敗的國際合作和國際援助。防腐局在2007年9月6日宣布成立，於13日正式揭牌，列入國務院直屬機構序列，在監察部加掛牌子。國家預防腐敗局辦公室與中紀委國際合作局為一個機構兩塊牌子。中共中央紀委副書記馬馼兼任首任局長，中共中央紀委常委屈萬祥兼任副局長。國家預防腐敗局主要職能有：負責全國預防腐敗工作的組織協調、綜合規劃、政策制定、檢查指導；協調指導企業、事業單位、社會團體、中介機構和其他社會組織防治腐敗工作；負責預防腐敗的國際合作和國際援助。
6028-5-1,政府財政撥款
6028-5-2,1922年
6028-5-3,交通不便
3241-5-1,照射紫外線
3241-5-2,愛因斯坦
3241-5-3,加拿大
3241-5-4,貝爾實驗室
3241-5-5,李·德富雷斯特
3241-7-1,7%
3241-7-2,13倍
3241-7-3,效率比較低
3241-7-4,可再生能源
3241-7-5,電燈泡
5759-11-1,宋公
5759-11-2,安帝
5759-11-3,元熙元年
5759-11-4,晉恭帝
5759-13-1,劉裕
5759-13-2,司馬休之
5759-13-3,湖熟
5759-4-1,劉牢之
5759-4-2,司馬元顯
5759-4-3,劉氏
5759-7-1,劉裕征劉毅時以諸葛長民守留府事，但諸葛長民見劉毅敗死，自己亦深感不安，更意圖作亂，劉裕回建康時故意拖慢進度，讓等待迎接他的諸葛長民及其他官員接連幾日都等不到劉裕。劉裕卻乘輕舟快快進城，進入了官邸東府。諸葛長民知道劉裕突然回來了，於是拜訪，劉裕暗中命壯士丁旿埋伏，故意和諸葛長民閒話家常，乘諸葛長民警覺性下降時命丁旿將其殺死，接著又誅殺了長民弟諸葛黎民等人。劉裕接著就加鎮西將軍、豫州刺史，接掌諸葛長民的原職。清除京口武將中的異己勢力之後，劉裕在412年底發動晉滅譙蜀之戰，隔年西征主將朱齡石成功滅譙蜀，使劉裕加授羽葆、鼓吹及班劍二十人。412年征討劉毅時，劉裕以晉宗室司馬休之接任荊州刺史。司馬休之頗得當地人心，而劉裕就懷疑他有異心；在義熙十年，其子司馬文思又在建康招集輕俠，令劉裕十分厭惡，司馬文思終因被揭發殺害官吏而被捕，劉裕誅殺其黨眾而免文思死，反送他到司馬休之那裏，要他親自教誨他，實質就是要司馬休之將其處死。然而，司馬休之並沒有殺文思，只是上表廢掉文思的譙王爵位，並寫信向劉裕道歉。這舉動令劉裕對其大感不滿，立刻就命江州刺史孟懷玉戒備。
5759-7-2,朱齡石
5759-7-3,司馬休之
5759-8-1,義熙十一年
5759-8-2,魯宗之
5759-8-3,中原
5759-8-4,北燕
6268-3-1,一分
6268-3-2,林天宏
6268-3-3,《一種美味》
5606-4-1,佩德納萊斯河，德克薩斯州石牆郡
5606-4-2,五個
5606-4-3,詹姆士·波爾克·詹森
5606-4-4,1932年
5606-4-5,1935年
6036-4-1,人文關懷
6036-4-2,周星馳
6036-4-3,打破香港華語片票房紀錄
1163-2-1,具高商業價值
1163-2-2,常於9－10月回到黑龍江、烏蘇里江等河中產卵
1163-2-3,鮭魚
1163-6-1,鮭魚肉含有高蛋白質、歐媒咖-3脂肪酸及抗佝僂病維他命，被視為有益的食物。此外，膽固醇含量也比較高，達每100克肉就有214微克的膽固醇。鮭魚肉一般呈橙色或深紅色也有很多白肉的品種，野生鮭靠蝦子等甲殼類維生，魚肉才會呈現橘紅色，在大西洋鮭養殖業者中為了讓鮭魚類似野生的蝦紅素表現，在飼料中添加類胡蘿蔔素等可食用色素來增色提加賣相。接近99%在大西洋出產的鮭魚為人工飼養。此外轉基因鮭魚2015年在美國被核准上市，可能成為了第一種上餐桌的轉基因肉品，這種鮭魚只要三分之一的養殖時間。鮭魚的食法有多種，在日本，烤鮭魚是家常菜。日本人還會把鮭魚頭製成鹽燒鮭魚等菜式；歐洲及美國人則會以熱或冷煙燻方式製作煙燻鮭魚，或把鮭魚製成罐頭以便儲存。此外，北歐地區亦有醃製鮭魚。此外，挪威爲了開拓日本的鮭魚市場，發明了鮭魚壽司。
1163-6-2,214微克
1163-6-3,挪威
4977-1-1,聯邦制
4977-1-2,雙重國籍
4977-1-3,聯邦憲法未指明屬聯邦政府之權力
3568-1-1,八角鼓
3568-1-2,模擬別人的言行
3568-1-3,張三祿
3568-1-4,相聲
3568-1-5,朱少文
3568-3-1,外省人
3568-3-2,相聲瓦舍
3568-3-3,台北曲藝團
3568-3-4,吳兆南相聲劇藝社
3568-3-5,京劇
1168-14-1,布爾人
1168-14-2,蘇利南
1168-14-3,荷蘭語
1168-5-1,多達15位的政治反對領袖遭到執政政府的暗殺
1168-5-2,國際社會的壓力
1168-5-3,1991年
1168-7-1,熱帶雨林氣候
1168-7-2,多源於南部內陸高原地區
1168-7-3,1個
1168-8-1,荷蘭
1168-8-2,鐵路
1168-8-3,巴拉馬利波
6450-2-1,一夫一妻多妾制婚姻
6450-2-2,胡氏
6450-2-3,伊斯蘭教法
6450-3-1,《周禮》
6450-3-2,三名
6450-3-3,北齊
6450-4-1,嘉靖帝和清朝康熙帝
6450-4-2,明孝宗
6450-4-3,中華人民共和國
5384-1-1,布里亞特人
5384-1-2,烏蘭烏德
5384-1-3,十個部落
5384-1-4,元代
5384-2-1,恰克圖條約
5384-2-2,噶爾丹入侵喀爾喀時喀爾喀人
5384-2-3,東西伯利亞喇嘛教則例
5384-2-4,喇嘛教
5453-10-1,進行海水淡化
5453-10-2,南亞
5453-10-3,亞洲
5453-7-1,黃金自由貿易
5453-7-2,1985年
5453-7-3,1200萬名
6171-11-1,漳州人
6171-11-2,漢人不斷侵佔平埔族土地
6171-11-3,英國
6171-12-1,1874年
6171-12-2,丁日昌
6171-12-3,1884年
6171-12-4,臺灣本身財政負擔的問題
6171-16-1,殖民政策
6171-16-2,沒有規定臺灣人不能到小學校上課
6171-16-3,社會政治運動
6171-20-1,李宗仁
6171-20-2,10月1日
6171-20-3,防止中國共產黨滲透
6171-20-4,金門
6171-21-1,吳三連
6171-21-2,土地改革
6171-21-3,1960年代
6171-25-1,2000年
6171-25-2,「一邊一國」
6171-25-3,「紅衫軍運動」
6171-26-1,2008年
6171-26-2,臺北市
6171-26-3,國際園藝家協會
6171-26-4,《海峽兩岸服務貿易協議》
6171-38-1,高科技產業
6171-38-2,宏碁
6171-38-3,中國大陸
6171-39-1,第5
6171-39-2,洛桑國際管理學院
6171-39-3,市場經濟
6171-44-1,1945年
6171-44-2,「臺灣」
6171-44-3,支持兩岸統一
6171-52-1,新春期間
6171-52-2,布農族
6171-52-3,鋤草祭
6171-58-1,標準中文
6171-58-2,清政府
6171-58-3,北方方言
6171-8-1,澎湖
6171-8-2,為增加米、糖等農作物產量
6171-8-3,荷蘭東印度公司對日本幕府散播西班牙企圖顛覆德川幕府陰謀
6171-8-4,1636年
6171-9-1,22年
6171-9-2,1662年
6171-9-3,康熙帝
3265-1-1,1610年1月7日
3265-1-2,地心說
3265-1-3,哥白尼日心說
3265-1-4,公元前362年
3265-1-5,20倍
3359-1-1,戰鬥機是指主要用於保護我方運用空權以及摧毀敵人使用空權之能力的軍用機種。為了滿足這項目標，需要強調飛機的運動能力，速度以及火力等性能；現代的先進戰鬥機多配備各種搜索、瞄準火控設備，能全天候攻擊所有空中目​​標。世界上公認的第一種意義上的戰鬥機是法國的莫拉納·索爾尼愛L型飛機。法國人開始在飛機機頭上安裝機槍，不過機槍是從螺旋槳半徑外向前射擊的，也在螺旋槳上安裝金屬擋鐵，使得機關槍的子彈不能擊穿螺旋槳，稍微解決了飛機在機載機槍射擊時被螺旋槳干擾的難題，使飛機第一次讓飛行員可以專​​心駕駛飛機去攻擊對方，同時也不需要另外配備機槍手。但是這個系統會造成機槍的射速變慢。戰鬥機過去根據執行任務又可分為殲擊機和截擊機，攔截機的主要任務是快速的的升空之後爭取高度，在敵人的轟炸機進入我方空域之前將對方摧毀。由於攔截機是針對高飛行高度的轟炸機群，在設計上特別強調對速度與爬升率的需求，運動性在擺在較為次要的地位。
3359-1-2,戰鬥機是指主要用於保護我方運用空權以及摧毀敵人使用空權之能力的軍用機種。為了滿足這項目標，需要強調飛機的運動能力，速度以及火力等性能；現代的先進戰鬥機多配備各種搜索、瞄準火控設備，能全天候攻擊所有空中目​​標。世界上公認的第一種意義上的戰鬥機是法國的莫拉納·索爾尼愛L型飛機。法國人開始在飛機機頭上安裝機槍，不過機槍是從螺旋槳半徑外向前射擊的，也在螺旋槳上安裝金屬擋鐵，使得機關槍的子彈不能擊穿螺旋槳，稍微解決了飛機在機載機槍射擊時被螺旋槳干擾的難題，使飛機第一次讓飛行員可以專​​心駕駛飛機去攻擊對方，同時也不需要另外配備機槍手。但是這個系統會造成機槍的射速變慢。戰鬥機過去根據執行任務又可分為殲擊機和截擊機，攔截機的主要任務是快速的的升空之後爭取高度，在敵人的轟炸機進入我方空域之前將對方摧毀。由於攔截機是針對高飛行高度的轟炸機群，在設計上特別強調對速度與爬升率的需求，運動性在擺在較為次要的地位。
3359-1-3,超音速
3359-1-4,原子彈
3359-10-1,協助飛行員找到最佳射擊時機
3359-10-2,機鼻
3359-10-3,後座雷達官
3359-10-4,都卜勒效應
3359-10-5,雷達最初是使用在夜間攔截任務上，二戰時期的使用經驗延伸出兩種發展路線。一種是利用小型雷達測距儀追蹤目標的距離，協助飛行員找到最佳射擊時機，提高一般飛行員的命中率。這條路線的發展很快就和第二種合併，也就是持續改進二戰攔截用空載雷達系統，朝向功能更多，簡單化，使用限制更少的方向發展。早期噴射戰鬥機常見的機鼻進氣口設計，為了將空間騰出來安裝更大的雷達而移動到機身其他的部位，自1970年代以後設計服役的戰鬥機，機鼻的空間都留給雷達使用。二戰時期大多數安裝在戰鬥機上的雷達需要專門的操作人員負責，直到大戰末期美國海軍開始在F6F和F4U戰鬥機上加裝由飛行員操作的雷達之後，第一次開啟單座戰鬥機配備雷達的紀錄。隨著電子相關技術的發展，雷達的功能愈來愈多，除了協助機炮瞄準敵機以外，還可以搜索與追蹤視野以外的目標，導引飛彈，偵測地面目標，計算炸彈撞擊點到描繪前方的地形並且與自動飛行系統合作進行迴避等等。然而多功能也代表雷達的操作愈來愈複雜，像是美國F-4戰鬥機需要後座雷達官在顯示幕上判斷目標的資訊。直到電腦成為雷達系統的一部分，將接收到的訊號加以處理，簡化，分類之後以簡單的符號和數字加以顯示，譬如F-15戰鬥機的AN/APG-63雷達，才使得雷達提供的資訊能夠更快速的被運用，以提高狀態意識的掌握，再加上利用都卜勒效應的濾波技術，靈敏度更高的天線，高、中與低脈衝重複頻率的使用等，雷達得以擺脫過去遇到地面雜訊就會癱瘓的窘境，也可以在地面雜訊中找出敵機的位置。
3359-11-1,美國
3359-11-2,美國
3359-11-3,空射火箭
3359-11-4,中華民國
3359-11-5,機炮
3359-12-1,緊急能量補充
3359-12-2,對於渦輪葉片的耗損提高許多
3359-12-3,後燃器
3359-12-4,要提升飛機的飛行安全
3359-13-1,電腦
3359-13-2,提高總體可用升力和飛機的運動能力
3359-13-3,線傳飛控
3359-13-4,而今日所謂的線傳飛控在單純地以電路傳導飛控命令為基礎上開發，更重要的是可以有多部電腦介入飛控系統操作，飛行員只需下達動作指令，至於達成指令所需的機身、動力系統與氣動面調整，則是由電腦掌握。過去飛機在空氣動力設計上必須考慮穩定的問題以利飛行員控制穩定的飛行狀態，但線傳飛控的發展讓先天不穩定的機體構型飛上天成為可能。因此線傳飛控對於戰鬥機的重大影響在於將傳統的靜穩定推向靜不穩定設計，提高總體可用升力和飛機的運動能力，此外利用電腦配合對飛行狀態的監視，能夠防止飛機失去控制，或者是讓飛機在接近失去控制的狀態下仍然足以保持能夠穩定飛行。此外，線傳飛控還可以整合不同控制面的使用型態，突破過去鋼纜機械式的瓶頸，作出過去無法想像的動作，譬如飛機以朝上或者是朝下的姿態保持不改變高度的水平飛行。以電腦軟體控制飛機的方式，在更新控制系統上也比過去的硬體要簡單與快速。第一架採用線傳飛控是美國的F-16，是四重電傳飛控系統。現在已經是第四代後期戰鬥機的標準配備，且多數為三重線傳飛控系統。在追求更高的運動能力的趨勢下，線傳飛控成為不可或缺的重要系統，目前的發展方向是與動力系統結合，將過去兩個分離的系統的控制整合使用。
3359-13-5,動力系統
3359-14-1,低可偵測性
3359-14-2,非金屬類材料
3359-14-3,電磁波
3359-14-4,低可偵測性
3359-15-1,全金屬
3359-15-2,速度上的優勢
3359-15-3,前三點起落架
3359-15-4,受到材料與設計的影響
3359-15-5,控制面變形
3359-16-1,高後掠角度
3359-16-2,第二代
3359-16-3,第二代戰鬥機
3359-16-4,第二代戰鬥機
3359-16-5,第二代
3359-2-1,射擊斷續器
3359-2-2,荷蘭
3359-2-3,競速機的比賽與獎勵
3359-2-4,射速慢
3359-2-5,火箭發動機
3359-6-1,轟炸機
3359-6-2,日本
3359-6-3,第八航空軍
3359-6-4,利用轟炸機對敵人進行戰略轟炸，以摧毀有形的生產運輸以及無形的士氣，企圖結束戰爭的構想在二次世界大戰前受到各主要航空發展國家的注意。雖然在規模上小很多，日本是首先付諸實行的國家。德國稍後在不列顛空戰時與英國互相展開大規模的日間與夜間轟炸行動。在這一場作戰中，轟炸機無法如同杜黑所預測，能夠自由進行轟炸而不受到戰鬥機的影響。德國與英國在雙方獲得的經驗上採取不同的措施，其中利用戰鬥機擔任護航與掃蕩敵人戰鬥機威脅成為重要的項目。美國在1942年開始自英國的基地出發對付位於歐洲大陸的德國佔領區內的目標，即使英倫空戰已經清楚的呈現出護航任務的迫切性，美國陸軍航空隊依舊認為依靠轟炸機的自衛火力加上適當的編隊，就能夠深入敵境達成任務。然而居高不下的損失讓美國撤換第八航空軍的指揮官的同時，積極尋求足以擔任護航的戰鬥機種。當時盟軍使用的戰鬥機種當中，英國設計的機種作戰半徑僅能勉強來回於法國的部分目標，新服役的P-47因為阻力與發動機的關係，作戰半徑無法達到德國本土。雙發動機的P-38則有數量、性能以及對歐洲高空低溫適應不良等問題。直到第八航空軍開始接收P-51戰鬥機之後，護航的迫切需求才獲得適切紓解，美國為此還將所有第八航空軍的P-47與其他單位交換P-51，連英國訂購的同一型機種也被暫借擔任護航的工作。自從P-51攜帶副油箱伴隨轟炸機進入歐洲大陸之後，不僅降低德國空軍攔截的能力，同時擴大第八航空軍能夠有效轟炸的範圍，最終壓制德國的生產與運輸系統。在蘇聯方面，要擊敗前線的德軍的重要性較高，加上遠程轟炸機的數量不多，所以較少空襲德國本土。僅有本來在戰前已經製造的少數重轟炸機在開戰初期曾經空襲德國本土都市，所以蘇聯主力戰鬥機設計並未特別要求提高航程。但仍然有一種載彈量較少而航程較遠的IL-4轟炸機，足以勝任對於德國境內重要交通設施作轟炸，為了保護這種遠航程但自衛武裝貧弱的轟炸機，在Yak-9型的基礎上發展出了特長程的DD型。除了短暫使用位於中國境內的機場，美國部署B-29轟炸機對日本轟炸時基於歐洲的作戰經驗，對於護航亦不敢掉以輕心，而以戰鬥機為轟炸機提供保護也成為日後許多新機種設計時需要考慮的性能項目。
3359-7-1,一次世界大戰時期
3359-7-2,颶風戰鬥機
3359-7-3,一次世界大戰時期
3359-7-4,英國
3359-7-5,北非作戰階段
6221-11-1,1955年
6221-11-2,馬爾吉特
6221-11-3,曼琪
6221-12-1,一個小時說一個字
6221-12-2,狄拉克
6221-12-3,海森堡喜歡參與社交活動並與人跳舞
6221-12-4,安東•卡普里
6221-2-1,法文老師
6221-2-2,1925年
6221-2-3,狄拉克
6221-3-1,男子商人合營技術學院
6221-3-2,入學考試
6221-3-3,1923年
2526-7-1,曹魏故都智慧之旅
2526-7-2,全國重點文物保護單位
2526-7-3,專家
2526-8-1,漢魏故城
2526-8-2,漢風魏韻
2526-8-3,漢魏故城:位於許昌縣張潘鎮古城村，距許昌市18公里。據民國廿二年許昌縣誌記載：許昌古城在城東30里，圍九里一百二十九步。相傳曹操所築，今存遺址。至今城垣輪廓依稀可辨，夯地土層清晰可見，漢磚瓦塊俯拾皆是。1986年，該遺址被河南省人民政府公布為省級文物保護單位。曹丞相府:曹丞相府景區位於許昌市老城中心地帶，是國內目前第一個全方位展示曹魏文化的主題景區，主體建築為仿漢代風格以漢風魏韻、夢幻相府為主題曹丞相府景區主要有魏武遊園、曹操塑像、藝術照壁、府衙、東西望樓、求賢堂、議事堂、賦詩樓、圍廊、藏兵洞、相府花園、青梅亭、宴樓、浴樓、珍寶館等標誌性建築群構成，景區外圍有帝王街、將相街、才子街、佳人街、三國演義大舞台等旅遊配套項目與之相輔相成。受禪台:受禪台原為青磚護坡，兩側砌有台階，台頂四周有石雕欄杆，平台中央有一遮陽涼亭，上設龍墩寶座。經千餘年風雨侵蝕，至今仍有20餘米之高，30餘米長寬的二層凸狀台基存在。由漢御史大夫王朗撰文、禮部尚書梁鵠書寫，大理寺武亭侯鍾繇鐫刻的受禪表和公卿將軍上尊號奏具體詳實地記述了獻帝禪讓、曹丕篡位的歷史事實，俗稱三絕碑。現為國家一級保護文物。毓秀台:毓秀台在漢魏故城西南隅，建於建安三年，是曹操為漢獻帝祭天所築，高約15米，面積為4000平方米，有台階99級，是用青磚鋪就的祭祀廣場。每年秋分時節，漢獻帝都要率文武百官前來祭天，祈求風調雨順、國泰民安。昔日的毓秀台掩映在林蔭之中，綠意擁簇，高接雲天。台下布列著數十座豪華的宮殿式古建築。是漢獻帝祭祀前暫時休息的地方。毓秀台比同為皇家祭天場所的北京天壇早建千餘年。
2526-8-4,20餘米
5635-17-1,聖餐持紀念說
5635-17-2,卡佩爾戰爭
5635-17-3,卡爾施塔特
5635-4-1,烏爾蘇拉.蔻塔
5635-4-2,聖喬治拉丁文學校
5635-4-3,烏爾蘇拉
5766-2-1,2005年
5766-2-2,1828年
5766-2-3,諾亞·韋伯斯特
5766-2-4,1830年
5766-2-5,《英語通用校勘詞典》。1860年伍斯特出版了《英語詞典》
5746-5-1,魏博拉盧比民達行業工會
5746-5-2,85天
5746-5-3,10萬人
5746-8-1,市區有一條滿布商店和餐廳的大街直通碼頭
5746-8-2,卡胡盧伊
5746-8-3,加拿大
4980-1-1,綠窗口或綠色窗口是日本各JR鐵路公司的票務櫃臺之泛稱，主要的業務是銷售JR的各級車票，包括一般的乘車券、特急券與指定券等，除此之外綠窗口也負責銷售像是月票或套票之類，比較特殊的車票。雖然日本大部分一定規模以上的車站都設有自動售票機，但對於起迄點超過所在車站範圍的長距離列車車票、需要劃位的指定券、以及想要使用信用卡購票的旅客，還是得利用綠窗口才能得到想要的服務。綠窗口主要分布在JR集團各公司所屬的主要車站，以及一些如北近畿丹後鐵道等、自日本國鐵分離並獨立而出的第三部門鐵道公司之部分車站內，除此之外在一些像是大型的旅行社、機場、公車總站或港口內的渡輪總站等地方，有時也會有綠窗口的蹤影。雖然綠窗口是JR各公司統一使用的名稱，但各公司對於綠窗口的定義卻不完全相同。舉例來說，JR東海有部分的車站是委託其子公司東海交通事業代為經營，這些票口或櫃臺雖然可以提供與綠窗口幾乎一樣的服務，但卻單純只是命名為「售票處」而不掛上綠窗口之名。但相反的，JR西日本對於有設置MARS系統可以進行連線購票的簡易委託車站，則一律稱呼為綠窗口。
4980-1-2,綠窗口
4980-1-3,綠窗口或綠色窗口是日本各JR鐵路公司的票務櫃臺之泛稱，主要的業務是銷售JR的各級車票，包括一般的乘車券、特急券與指定券等，除此之外綠窗口也負責銷售像是月票或套票之類，比較特殊的車票。雖然日本大部分一定規模以上的車站都設有自動售票機，但對於起迄點超過所在車站範圍的長距離列車車票、需要劃位的指定券、以及想要使用信用卡購票的旅客，還是得利用綠窗口才能得到想要的服務。綠窗口主要分布在JR集團各公司所屬的主要車站，以及一些如北近畿丹後鐵道等、自日本國鐵分離並獨立而出的第三部門鐵道公司之部分車站內，除此之外在一些像是大型的旅行社、機場、公車總站或港口內的渡輪總站等地方，有時也會有綠窗口的蹤影。雖然綠窗口是JR各公司統一使用的名稱，但各公司對於綠窗口的定義卻不完全相同。舉例來說，JR東海有部分的車站是委託其子公司東海交通事業代為經營，這些票口或櫃臺雖然可以提供與綠窗口幾乎一樣的服務，但卻單純只是命名為「售票處」而不掛上綠窗口之名。但相反的，JR西日本對於有設置MARS系統可以進行連線購票的簡易委託車站，則一律稱呼為綠窗口。
5426-2-1,蘇丹南部
5426-2-2,旅遊業
5426-2-3,蘇丹達爾富爾
5426-2-4,埃及
1149-13-1,西莒島青帆村
1149-13-2,長樂鶴上人
1149-13-3,英國
1149-14-1,清朝末年
1149-14-2,一線天目前仍屬重要軍事基地
1149-14-3,烈女義坑
1149-2-1,廿八歲
1149-2-2,林默娘
1149-2-3,馬祖列島
1149-3-1,北竿島
1149-3-2,受風化及波浪的侵蝕作用
1149-3-3,1956年7月
1149-4-1,秋天
1149-4-2,大陸冷氣團南下，有強烈東北季風吹襲
1149-4-3,1060公釐
5522-1-1,1789年
5522-1-2,路易十三
5522-1-3,路易·勒沃
5522-4-1,路易·菲利普
5522-4-2,巴洛克風格
5522-4-3,凡爾賽宮
5522-5-1,路易十四
5522-5-2,1789年
5522-5-3,路易十五
5522-6-1,1789年
5522-6-2,普法戰爭
5522-6-3,1871年
5522-6-4,鏡廳
5522-6-5,歷史博物館
5386-3-1,1997年
5386-3-2,1999年
5386-3-3,「最佳演唱團體獎」
5386-3-4,台北市立體育場
3528-2-1,1986年
3528-2-2,喬托號
3528-2-3,預算限制
3528-2-4,太陽能電池板
3528-2-5,2003年1月12日
5769-1-1,雲南省
5769-1-2,寮國
5769-1-3,無量山
5769-1-4,景洪市
5769-1-5,1180年
5769-3-1,第五區
5769-3-2,第一區
5769-3-3,民國十六年
5769-3-4,普洱專區
5769-5-1,雲貴高原
5769-5-2,清涼
5769-5-3,1133515人
4992-1-1,維多利亞港
4992-1-2,填海造地
4992-1-3,港鐵九龍灣站
4992-2-1,九龍灣
4992-2-2,2007年
4992-2-3,部份香港政府機關在九龍灣設置總部，包括機電工程署總部大樓、香港輔助警察隊總部，郵政署亦於2013年在該處設立中央郵件中心。附近亦有九龍灣運動場、公園、體育館等公共設施。九龍灣國際展貿中心是香港主要的國際商品展覽會場之一，附設的辦公室亦可作不同產品陳列室之用。現時國際展貿中心仍繼續舉辦不同的國際展覽，亦會不時舉辦演唱會。2007年，自大型購物中心MegaBox開幕後，改變了九龍灣作為工廠、物流倉庫的印象。MegaBox商場高18層，佔地達110萬平方呎，是觀塘區最大型的購物商場，當中的大型商戶有宜家傢俬、AEON、IMAX影院等。區內的寫字樓自2006年起不斷增建，包括企業廣場三期、國際交易中心、Manhattan
5661-1-1,瑪黛茶
5661-1-2,殺蟲
5661-1-3,咖啡因
5661-2-1,瓜拿納樹
5661-2-2,瓜拿納樹
5661-2-3,深焙咖啡一般比淺焙咖啡的咖啡因含量少
5661-9-1,檸檬酸咖啡因
5661-9-2,咖啡因中毒
5661-9-3,咖啡因
4916-1-1,華沙
4916-1-2,冷戰時期
4916-1-3,1529年
4916-2-1,華沙
4916-2-2,齊格蒙特三世
4916-2-3,1795年
4916-5-1,1945年
4916-5-2,蘇聯
4916-5-3,波蘭進入戰時狀態
2485-1-1,湯瑪斯傑佛遜
2485-1-2,亞歷山大漢密爾頓
2485-1-3,傑伊條約
2485-1-4,都市
2485-1-5,亨利克萊
2485-11-1,自由主義
2485-11-2,低稅賦
2485-11-3,華萊士
2485-11-4,產業工會聯合會
2485-16-1,1972年
2485-16-2,湯瑪斯伊格頓
2485-16-3,水門事件
2485-16-4,吉米卡特
2485-18-1,沃爾特蒙代爾
2485-18-2,馬薩諸塞州
2485-18-3,民主黨
2485-18-4,喬治•赫伯特•沃克•布希
2485-24-1,哈利里德
2485-24-2,米高彭博
2485-24-3,2006年
2485-24-4,蘭希佩洛西
2485-4-1,道格拉斯
2485-4-2,內戰
2485-4-3,喬治麥克萊倫將軍
2485-4-4,安德魯約翰遜
2485-5-1,經濟蕭條
2485-5-2,公民權
2485-5-3,1884年
2485-5-4,金本位制度
2485-7-1,1912年
2485-7-2,聯邦儲備系統
2485-7-3,婦女投票權
2485-9-1,1932年
2485-9-2,第一波新政
2485-9-3,羅斯福
2485-9-4,自由派和自由主義
2485-9-5,保守派
3395-4-1,通貨膨脹
3395-4-2,亞歷山大·塞維魯
3395-4-3,薩珊王朝
3395-4-4,高盧帝國
3395-6-1,君士坦提烏斯
3395-6-2,匈奴人
3395-6-3,狄奧多西
3395-6-4,萊茵河
3395-6-5,波斯薩珊王朝
3395-7-1,阿拉里克
3395-7-2,阿卡狄烏斯
3395-7-3,瓦倫丁尼安三世
3395-7-4,汪達爾-阿蘭王國
3395-7-5,蠻族
3300-2-1,魚雷艦艇
3300-2-2,敵人魚雷艦艇
3300-2-3,無限制潛艇戰
3300-2-4,第一次世界大戰
3300-2-5,江河級驅逐艦
3300-4-1,反潛
3300-4-2,魚雷
3300-4-3,魚雷
3300-4-4,魚雷
5751-6-1,9%
5751-6-2,穀類作物
5751-6-3,200萬立方公尺
5751-9-1,秋明州
5751-9-2,油氣開發
5751-9-3,石油天然氣研發中心
6415-3-1,市場分析
6415-3-2,1950年代
6415-3-3,人本主義
6415-3-4,降低成本
6415-4-1,1970年代
6415-4-2,義大利
6415-4-3,1980年代
6451-3-1,1982年
6451-3-2,梅艷芳是女低音
6451-3-3,1983年
6451-3-4,於紅館舉行演唱會最高場數紀錄
6451-4-1,百變天后
6451-4-2,1984年
6451-4-3,《男人四十》
6451-6-1,何韻詩
6451-6-2,最高榮譽大獎
6451-6-3,陳奕迅
6246-3-1,阿聯
6246-3-2,集中式太陽能發電站
6246-3-3,伊斯蘭教
6120-2-1,巴西
6120-2-2,半決賽中，他們與東道主義大利在加時賽
6120-2-3,巴西
5501-1-1,光化學煙霧
5501-1-2,區域性污染
5501-1-3,二氧化碳
5501-3-1,海煤
5501-3-2,倫敦煙霧事件
5501-3-3,工業革命
5501-5-1,倫敦煙霧事件
5501-5-2,1956年
5501-5-3,哈德遜河
5501-5-4,超級基金法
5501-6-1,卡拉恰伊湖
5501-6-2,俄羅斯車里雅賓斯克
5501-6-3,布列塔尼半島美國石油公司
1189-1-1,瓦倫本哥國家公園
1189-1-2,12架
1189-1-3,恆星
1189-3-1,1987年
1189-3-2,訪客觀賞區
1189-3-3,新南威爾斯學校
3570-1-1,全國人民代表大會
3570-1-2,國務院總理
3570-1-3,全國人民代表大會常務委員會
3570-1-4,中華人民共和國主席
6041-1-1,民國元年
6041-1-2,民國二年
6041-1-3,馬麒
1190-17-1,我們是一個民族
1190-17-2,1990年10月3日
1190-17-3,1970年
1190-21-1,92%
1190-21-2,墮胎法》
1190-21-3,男子
1190-26-1,國家銀行
1190-26-2,在國家銀行有外匯帳戶
1190-26-3,羅斯托克港
1190-3-1,東德
1190-3-2,1989年
1190-3-3,《最終解決德國問題條約》
1190-34-1,柏林國際廣播電台
1190-34-2,80年代後
1190-34-3,1988年
1190-7-1,蘇聯
1190-7-2,1948年6月20日
1190-7-3,1948年
6181-1-1,2008年
6181-1-2,西班牙
6181-1-3,西班牙
6008-1-1,生物質
6008-1-2,對能源的需求持續增長
6008-1-3,二氧化碳
3355-3-1,七年戰爭
3355-3-2,漢諾威
3355-3-3,伊莉莎白
3355-3-4,博克施道夫戰役
3355-3-5,最終仍可同時與大半個歐洲為敵並戰成平手
3355-8-1,1867年
3355-8-2,五分之四
3355-8-3,普法戰爭
3355-8-4,1871年1月18日
3355-8-5,威廉一世
6196-1-1,中國共產黨紀律檢查機關
6196-1-2,中國共產黨紀律檢查機關
6196-1-3,1993年
4967-11-1,咸豐帝
4967-11-2,9月6日
4967-11-3,通州張家灣
4967-4-1,葉名琛
4967-4-2,10月23日
4967-4-3,「危坐二堂，絕無懼色」
5675-2-1,三個
5675-2-2,101公里
5675-2-3,南源玉帶河
5675-2-4,南源玉帶河
6010-1-1,公元第二世紀
6010-1-2,十六世紀
6010-1-3,基督教
6110-2-1,第二次世界大戰
6110-2-2,匹茲堡
6110-2-3,沒有
6012-4-1,第三世界國家
6012-4-2,大量的中東歐地區的共產黨喪失了政權
6012-4-3,日本
6012-6-1,社會主義市場經濟
6012-6-2,共產黨
6012-6-3,1992年
4902-1-1,伊利諾州
4902-1-2,約翰·洛克菲勒
4902-1-3,芝加哥大學
4902-3-1,洪堡
4902-3-2,「第一所美式大學」
4902-3-3,8.6%
4902-3-4,50個
4902-6-1,1893年
4902-6-2,中途公園
4902-6-3,牛津大學
4902-6-4,2011年
6225-2-1,三重忠孝橋
6225-2-2,「西區門戶計畫
6225-2-3,1962年
5615-1-1,裏海
5615-1-2,5642米
5615-1-3,厄爾布魯士峰
5615-1-4,小高加索山脈
5615-1-5,大高加索山脈
3482-1-1,基因特質
3482-1-2,生理性別又稱生殖性別或生物性別、生物中有許多物種可以劃分成雄性及雌性，這稱之為性別，不過也有些會是間性。有性生殖是指雄性和雌性生物將其基因特質混合重組，繁衍後代的過程。配子是一種特殊的細胞，其中有生物的部份基因，雄性和雌性的配子結合後會產生後代。有些生物兩性的配子在外形及功能上都相同同形配子接合，但大部份的生物的兩性配子會有明顯不同的外形。對於人類和其他的哺乳類動物，雄性會有XY染色體，而雌性會有XX染色體，這屬於XY性別決定系統，其他動物也有其性別決定系統，例如鳥類的
3482-1-3,生理性別又稱生殖性別或生物性別、生物中有許多物種可以劃分成雄性及雌性，這稱之為性別，不過也有些會是間性。有性生殖是指雄性和雌性生物將其基因特質混合重組，繁衍後代的過程。配子是一種特殊的細胞，其中有生物的部份基因，雄性和雌性的配子結合後會產生後代。有些生物兩性的配子在外形及功能上都相同同形配子接合，但大部份的生物的兩性配子會有明顯不同的外形。對於人類和其他的哺乳類動物，雄性會有XY染色體，而雌性會有XX染色體，這屬於XY性別決定系統，其他動物也有其性別決定系統，例如鳥類的
3482-1-4,雌雄同體
3482-1-5,無性生殖
3482-2-1,繁衍後代所需基因物質產生的方式
3482-2-2,生殖器官
3482-2-3,十億年前
3482-2-4,接合
6213-2-1,1861年
6213-2-2,巴爾的摩市
6213-2-3,颶風依莎貝爾
6213-3-1,帕塔普斯科河
6213-3-2,副熱帶濕潤氣候
6213-3-3,°C以上的有9.9天。在美國暢銷軍事小說作家湯姆·克蘭西於1991年出版的「傑克·雷恩」系列第五作：「恐懼的總和」一書中描寫著：在新納粹主義恐怖份子的策劃下，為製造假象煽動美國與俄羅斯全面開戰、其將一枚來自於以色列、後卻在以阿戰爭的戰場中失落的氫彈，將外型偽裝成自動販賣機、將該枚核武器於巴爾的摩職業美式足球場引爆、造成數以萬計的市民喪生。2002年開始首播的美國HBO電視台電視劇，也是被許多媒體和觀眾認為的歷史上最偉大的電視劇《火線重案組》就以巴爾的摩市為舞台展開。
5676-2-1,班傑明·富蘭克林
5676-2-2,費城學院
5676-2-3,約翰·莫根
5676-2-4,1779年
5774-2-1,龍雲
5774-2-2,民國4年12月25日
5774-2-3,雲南
5774-2-4,民國8年
5774-2-5,民國17年1月
5774-6-1,中緬大戰
5774-6-2,民國43年
5774-6-3,辛亥革命
5774-6-4,民國2年2月25日
5774-7-1,民國3年
5774-7-2,民國16年
5774-7-3,民國18年
5774-7-4,雲南省第二殖邊督辦公署
5774-7-5,12個
5774-8-1,民國27年
5774-8-2,民國29年
5774-8-3,民國31年
5774-8-4,民國39年
6509-1-1,黑龍江
6509-1-2,黑龍江，俄羅斯稱之為阿穆爾河；此詞來自通古斯語族，意為「大河」或「大水」，是亞洲東北部的一條河流，發源於蒙古國肯特山東麓，在石勒喀河與額爾古納河交匯處形成。經過中國黑龍江省北界與俄羅斯遠東聯邦管區南界，之後以東北向穿越伯力邊疆區，最終流入韃靼海峽。其主流長2824千米，若以海拉爾河為源頭計算，則總長度約4444公里，若以克魯倫河為源頭計算，則總長度5498公里。黑龍江是中國四大河流之一、世界十大河之一。從清朝立國至19世紀中期以前，黑龍江完全為中國內河，至19世紀中後期沙俄強行占領中國黑龍江以北、烏蘇里江以東大片領土之後，才成為中俄界河。後來蒙古國獨立，遂流經三個國家。2004年，中國和俄羅斯簽署《中俄國界東段補充協定》，將兩國國界以黑龍江為基本界限劃清。黑龍江在漢魏晉時被稱為弱水，南北朝時，黑龍江上游稱完水，松花江及兩江匯流後被稱為難水。隋唐時始稱黑龍江下游為黑水，完水改作望建水、難水改作那河。《遼史》第一次以「黑龍江」來稱呼這條河流，因為江水色黑，蜿蜒如遊龍。黑龍江流域在金朝被納入領土範圍內，成為金國內河。元明時稱為混同江。
6509-1-3,將兩國國界以黑龍江為基本界限劃清
6509-2-1,受通古斯人壓力
6509-2-2,唐朝
6509-2-3,犯人流放之地
5679-7-1,德國人
5679-7-2,卡爾梅克人
5679-7-3,西伯利亞
5719-1-1,松花江
5719-1-2,松花江
5719-1-3,9月
5489-2-1,辛酉政變
5489-2-2,生母慈禧皇太后
5489-2-3,十八歲
5543-1-1,集安
5543-1-2,國民政府時期
5543-1-3,通化市
2480-1-1,維多利亞湖
2480-1-2,尚比亞
2480-1-3,杜篤瑪
2480-1-4,非洲
2480-2-1,阿拉伯半島
2480-2-2,伊斯蘭教
2480-2-3,德國
2480-2-4,1961年
4893-1-1,1260年
4893-1-2,23年
4893-1-3,忽必烈
4893-10-1,蒙古貴族
4893-10-2,忽必烈
4893-10-3,和林哈拉
4893-11-1,南海
4893-11-2,窩闊台汗國多次交戰，雙方互有勝負，1289年，窩闊台汗國
4893-11-3,至元十一年
4893-13-1,至元二十九年
4893-13-2,京杭大運河
4893-13-3,通惠河
4893-7-1,至元十三年
4893-7-2,元朝
4893-7-3,愛妻
3424-1-1,1929年
3424-1-2,珍妮·蓋諾
3424-1-3,5位
3424-1-4,珍妮·蓋諾
3424-1-5,珍妮·蓋諾
1153-3-1,非常混亂
1153-3-2,美國鳥類學家協會
1153-3-3,19世紀晚期
1153-5-1,1997年
1153-5-2,四次
1153-5-3,國際動物學會議
1153-6-1,動物命名法
1153-6-2,獨立性
1153-6-3,亞屬名
4911-13-1,同性婚姻
4911-13-2,待在社福機構
4911-13-3,基督教保守派組織78.5萬美金
4911-15-1,公共健康與醫學領域
4911-15-2,麻州
4911-15-3,2015年
4911-2-1,無性別的宦官與宮女的結合
4911-2-2,宋代
4911-2-3,潘章
5471-2-1,遠古百越族
5471-2-2,第一次鴉片戰爭
5471-2-3,元香港
5471-2-4,香港日治時期
6412-2-1,青島海軍基地
6412-2-2,撫順」號
6412-2-3,1954年
6048-11-1,拿破崙
6048-11-2,聖西門主義
6048-11-3,降低貸款利息
6048-11-4,新式鐵製蒸汽船
6048-13-1,拿破崙
6048-13-2,強硬的外交政策
6048-13-3,克里米亞戰爭
6048-18-1,1865年
6048-18-2,墨西哥
6048-18-3,軍事介入失敗
6048-19-1,19世紀
6048-19-2,美利堅聯盟國
6048-19-3,外國不可能介入內戰
6048-19-4,普魯士
6048-2-1,法國
6048-2-2,保守派
6048-2-3,法蘭西第二帝國覆亡
6048-23-1,拿破崙
6048-23-2,法國經濟的快速增長
6048-23-3,1853年
6048-23-4,維克多·雨果
6048-4-1,路易-菲利普
6048-4-2,1836年
6048-4-3,母親病危
6048-6-1,1848年
6048-6-2,特別警察部隊
6048-6-3,大部分的時間都在國外生活
6048-7-1,1848年
6048-7-2,創建強力政府
6048-7-3,農民階層
1184-2-1,貴族
1184-2-2,三代
1184-2-3,君主
5580-4-1,直系
5580-4-2,孫傳芳
5580-4-3,湖州人
5580-6-1,民國25年
5580-6-2,皖浙贛獨立團
5580-6-3,民國26年上半年
5580-6-4,「七七事變」
5580-6-5,中共皖浙贛省委在皖贛邊的鄣公山成立，同時成立以皖南獨立團為基幹的皖浙贛獨立團。在浙西遊擊區還有上浙皖特委獨立營、下浙皖遊擊司令部、浙皖軍分區等武裝。民國26年上半年，蔣中正命閩浙贛皖邊區主任公署主任劉建緒集中各路兵力10餘萬人，開始對皖浙贛邊實行清剿，挺進師挫敗了劉建緒部，但獨立團在淳安境內被消滅，上浙皖特委、下浙皖特委和浙皖特委下屬黨組織及遊擊隊均遭破壞。該年10月，紅軍挺進師改番號為國民革命軍閩浙邊抗日遊擊總隊。次年3月，奉命北上抗日，編入新四軍二支隊。此外，於民國26年「七七事變」以後，浙江成為抗日戰爭的主戰場之一，屬於第三戰區。戰爭爆發後，浙江北部的嘉興、吳興、長興等地是前期淞滬會戰的主要戰場之一。8月14日14架日軍戰機從臺北起飛，跨海進入浙江，企圖突襲杭州筧橋機場，爆發八一四空戰。中國空軍在裝備性能、數量和技術都相對處於劣勢的情況下，在杭州筧橋上空與日軍飛機展開了激烈的較量，擊落日機數架，取得空戰大捷。8月下旬，浙江境內成立杭州灣北岸守備區和浙東守備區。
5580-9-1,杭縣
5580-9-2,金華
5580-9-3,松陽縣
5580-9-4,民國四十三年
6033-11-1,廣電總局
6033-11-2,對境外落地的信號實施地面頻道干擾
6033-11-3,尷尬事件
6033-12-1,1989年
6033-12-2,六四天安門事件
6033-12-3,2008年
6033-12-4,沒有任何示威申請得到當局通過
6033-15-1,佛教
6033-15-2,七個
6033-15-3,承辦五大宗教外其他宗教業務
6033-18-1,弱勢群體
6033-18-2,黨委
6033-18-3,居民委員會
6033-19-1,意識形態的原因
6033-19-2,2004年
6033-19-3,物權法
6033-23-1,計劃生育
6033-23-2,社會輿論
6033-23-3,使用精子庫
6033-24-1,聯合國人權委員會
6033-24-2,公共教育經費
6033-24-3,教育產業化
6033-28-1,帶有顛覆中共政府的政治目的
6033-28-2,1997年
6033-28-3,聯合國專家
6033-6-1,收容遣送制度
6033-6-2,孫志剛事件後，國務院廢除了這一制度，實行救助管理辦法
6033-6-3,2015年
6033-6-4,2013年
6033-7-1,國家絕密
6033-7-2,國際非政府組織
6033-7-3,中國政法大學
6033-8-1,2006年
6033-8-2,中國
6033-8-3,中國對處決犯人一直採取保密的措施
6033-8-4,《人體器官移植條例》
5667-2-1,奧地利
5667-2-2,路易十四
5667-2-3,1702年
5667-3-1,阿拉貢國王卡洛斯三世
5667-3-2,《新基本法令》
5667-3-3,英國
5667-5-1,路易斯一世
5667-5-2,天花病
5667-5-3,1739年
5687-1-1,茲維亞德·加姆薩胡爾季阿
5687-1-2,喬治亞共和國」
5687-1-3,喬治亞
5687-1-4,2009年
5687-1-5,東正教
5687-4-1,南奧塞提亞自治區
5687-4-2,2008年
5687-4-3,議會制
6086-1-1,在時域上數學形式為連續函式的訊號
6086-1-2,數位訊號
6086-1-3,電壓
6086-1-4,噪聲
3207-2-1,紐約尼克
3207-2-2,芝加哥公牛隊
3207-2-3,張伯倫
3207-2-4,張伯倫
3207-2-5,1973年
6051-1-1,中國共產黨中央政治局常務委員會
6051-1-2,劉少奇
6051-1-3,《中華人民共和國憲法》
6029-2-1,混合苦膽的酒
6029-2-2,6個小時
6029-2-3,拉丁文
5686-10-1,彰化市民代表會
5686-10-2,24位
5686-10-3,1970年代
5686-10-4,三級產業
5686-14-1,中華民國政府
5686-14-2,格子型系統
5686-14-3,王田交流道
5686-3-1,《臺灣府志》
5686-3-2,《諸羅縣志》
5686-3-3,朱一貴
5397-1-1,希伯來文
5397-1-2,8世紀
5397-1-3,「通俗的」
5523-10-1,會長
5523-10-2,學生仲裁評議委員會
5523-10-3,生活部
5523-11-1,社團部
5523-11-2,社團部
5523-11-3,秘書處
5523-11-4,社團部以及學會部
5523-11-5,學權部
5523-4-1,台中軟體園區
5523-4-2,中部科學園區
5523-4-3,暨竹科園區
5523-4-4,臺中市精密機械科技創新園區
5523-5-1,北海道帝國大學
5523-5-2,臺中高農
5523-5-3,戰基處營區土地
5428-1-1,刺激性
5428-1-2,與空氣隔絕
5428-1-3,濃硫酸
5428-2-1,乙醚
5428-2-2,爆炸性
5428-2-3,乾燥的時候
5428-2-4,丁基羥基甲苯
2475-1-1,世界氣象組織
2475-1-2,聯合國世界氣象組織
2475-1-3,岑智明
2475-1-4,陰陽調和
6445-1-1,德國柏林影展
6445-1-2,1932年
6445-1-3,2013年
6024-1-1,奈特·麥克米蘭
6024-1-2,1967年
6024-1-3,三次
5758-12-1,西人黨
5758-12-2,東人黨和西人黨
5758-12-3,朝鮮
5758-15-1,1627年
5758-15-2,「兄弟國的盟約」
5758-15-3,1636年四月
5758-15-4,皇太極
5758-16-1,仁祖
5758-16-2,「丙子胡亂」
5758-16-3,沙俄軍隊
5758-18-1,英祖四年
5758-18-2,端敬王后
5758-18-3,李算
5758-2-1,世稱恭順
5758-2-2,閉關鎖國
5758-2-3,19世紀
5758-2-4,高宗
5758-2-5,1910年
5758-3-1,大朝鮮國
5758-3-2,1897年
5758-3-3,朝鮮日治時期
5758-3-4,《朝鮮王朝實錄》
5758-6-1,洪武三十一年
5758-6-2,開京
5758-6-3,洪武三十一年
5758-6-4,私兵制度
2484-3-1,含有芽孢炭疽桿菌
2484-3-2,殺傷力大
2484-3-3,工業發酵
5625-1-1,杭州
5625-1-2,1782年
5625-1-3,法國大革命
5625-2-1,香港人
5625-2-2,泰國
5625-2-3,泰國
1176-1-1,純的硫是黃色的晶體
1176-1-2,燃燒
1176-1-3,單斜棱晶體
1176-3-1,安托萬·拉瓦錫
1176-3-2,硫
1176-3-3,硫
1176-4-1,硫酸
1176-4-2,它的火山釋放的硫造成的
1176-4-3,硫酸
1176-5-1,氮化硫
1176-5-2,晶體
1176-5-3,硫代硫酸氨
1176-7-1,空氣
1176-7-2,亞硫酸
1176-7-3,硫化氫
2467-1-1,蘇聯紅軍
2467-1-2,十月革命
2467-1-3,蘇聯海軍
2467-1-4,德蘇戰爭
2467-1-5,尼古拉杜霍寧
2467-15-1,集團軍
2467-15-2,步兵師
2467-15-3,1942年末
3521-10-1,林肯總統
3521-10-2,富蘭克林·德拉諾·羅斯福
3521-10-3,半軍事管制
3521-10-4,氯仿
3521-10-5,1932年
3521-3-1,棉花
3521-3-2,《宅地法》
3521-3-3,七個
3521-3-4,1861年2月9日
3521-3-5,傑斐遜·戴維斯
6114-2-1,義大利戰爭
6114-2-2,法國大革命時期
6114-2-3,為了保護教宗及宗座宮殿
6114-4-1,黑色貝雷帽
6114-4-2,白色羽毛
6114-4-3,可以用來指揮小隊或中隊
6368-1-1,澳大利亞
6368-1-2,印尼
6368-1-3,1975年
6368-3-1,托列斯海峽
6368-3-2,熱帶草原氣候
6368-3-3,新幾內亞
6129-2-1,統一企業
6129-2-2,2000年
6129-2-3,供應服務過多
5394-2-1,2007年
5394-2-2,日治時期
5394-2-3,日本發動太平洋戰爭
5394-2-4,民間反應不佳
6146-3-1,1809年
6146-3-2,生存競爭中自由淘汰的結果
6146-3-3,擔心引起教會勢力的強烈反彈
6146-4-1,華萊士
6146-4-2,異端邪說
6146-4-3,遺傳定律
5656-1-1,國立廣東大學
5656-1-2,美日領事機構
5656-1-3,莫斯科中山大學
5656-1-4,63個
5475-1-1,亞熱帶
5475-1-2,草本
5475-1-3,青光眼
6083-1-1,民法法系、大陸法系、市民法、羅馬法
6083-1-2,英美法系
6083-1-3,6世紀
3380-1-1,1948年12月1日
3380-1-2,中國人民銀行
3380-1-3,第五套
3380-1-4,離岸人民幣
3380-2-1,50元
3380-2-2,一萬兌一
3380-2-3,2016年9月30日
3380-2-4,工農業生產
3380-2-5,華北財經辦事處
3380-4-1,浮動匯率制度
3380-4-2,美元
3380-4-3,石油危機
3380-4-4,雙重匯率制度
3380-4-5,美元
3380-5-1,2005年7月21日
3380-5-2,千分之三
3380-5-3,上下3%
3380-5-4,雙重匯率
5530-1-1,宋理宗趙昀
5530-1-2,趙匡胤
5530-1-3,十六歲
5530-3-1,1233年
5530-3-2,1234年
5530-3-3,朱熹
3526-1-1,伊斯蘭教
3526-1-2,《古魯·格蘭特·薩希卜》
3526-1-3,人人平等
3526-1-4,曼莫漢·辛格
3526-1-5,獅子派
3526-2-1,1908年
3526-2-2,加州尤巴城
3526-2-3,摩門教
3526-2-4,摩門教
3229-3-1,馬關條約
3229-3-2,臺南州
3229-3-3,爽文市
3229-3-4,嘉義市
3229-3-5,嘉義市
6161-1-1,荷蘭
6161-1-2,俄羅斯
6161-1-3,德國
1193-13-1,太白山脈
1193-13-2,濟州島
1193-13-3,200米
1193-14-1,洛東江
1193-14-2,濟州島漢拿山
1193-14-3,濟州島
1193-15-1,30℃
1193-15-2,內陸山區
1193-15-3,8月
1193-17-1,濟州島
1193-17-2,海拔100米
1193-17-3,日本
1193-18-1,1987年
1193-18-2,《韓國憲法》
1193-18-3,《韓國憲法》
1193-2-1,1987年
1193-2-2,共同民主黨
1193-2-3,南朝鮮
1193-25-1,自由韓國黨
1193-25-2,5000至7000名
1193-25-3,關東地方
1193-28-1,70年代
1193-28-2,1997年
1193-28-3,978億美元
1193-29-1,韓國
1193-29-2,第六
1193-29-3,1897年
1193-3-1,1992年
1193-3-2,北韓
1193-3-3,檀君古朝鮮
1193-31-1,複線1904.4公里，電氣化鐵路
1193-31-2,韓國
1193-31-3,韓國高速鐵道
1193-36-1,1982年
1193-36-2,韓國
1193-36-3,12歲
1193-4-1,燕國
1193-4-2,公元7世紀
1193-4-3,918年
1193-40-1,農產品
1193-40-2,農業
1193-40-3,農業
1193-43-1,2001年
1193-43-2,韓國
1193-43-3,韓國
1193-44-1,韓國
1193-44-2,兩年
1193-44-3,十億韓國
1193-46-1,韓國
1193-46-2,2001年
1193-46-3,冷戰
1193-48-1,韓國
1193-48-2,2000年6月
1193-48-3,光明星4號
1193-54-1,金泳三
1193-54-2,金大中
1193-54-3,建設性的互補夥伴關係
1193-55-1,韓國
1193-55-2,兩年
1193-55-3,大韓民國
1193-58-1,1994年12月1日
1193-58-2,2020年代中期
1193-58-3,美軍
1193-59-1,韓國
1193-59-2,2014年12月
1193-59-3,《有關國軍參與海外派遣活動的法律案》
1193-6-1,1895年
1193-6-2,俄國
1193-6-3,《樸茨茅斯和約》
1193-61-1,韓語
1193-61-2,阿爾泰語系
1193-61-3,主語+賓語+謂語
1193-62-1,輔音
1193-62-2,固有詞
1193-62-3,漢字詞
1193-63-1,15世紀
1193-63-2,世宗
1193-63-3,首爾話
1193-66-1,1961年
1193-66-2,16倍
1193-66-3,大學文憑
1193-68-1,初中
1193-68-2,1969年
1193-68-3,大學
1193-69-1,私立大學
1193-69-2,韓國的大學根據設立的主體不同可分為國立大學、公立大學及私立大學，其中私立大學的數目占到80%以上。所有高校無論公立還是私立都要接受韓國教育部的監督。韓國歷史最為悠久的大學是成均館大學，其歷史可以追溯到1398年成立的朝鮮王朝最高學府成均館。首爾大學、高麗大學和延世大學三所著名高校在韓國很有影響。因其英文縮寫首字母為「ㄟㄙ·ㄎㄟ·ㄨㄞ」，被稱為韓國大學一片天。許多韓國政要都是ㄟㄙ·ㄎㄟ·ㄨㄞ大學的校友。另外韓國科學技術院和浦項工科大學在國際上也享有很高的聲譽。韓國報刊有100餘年的歷史。1896年，徐載弼創辦的《獨立新聞》是韓國近代第一份民營韓文報紙。目前韓國的傳統媒體主要是韓國的三大報紙和韓聯社。
1193-69-3,徐載弼
1193-7-1,首爾塔洞公園
1193-7-2,被殺害
1193-7-3,1919年4月13日
1193-71-1,全斗煥
1193-71-2,國民養老保險法
1193-71-3,國庫補助
1193-72-1,1995年
1193-72-2,被僱人
1193-72-3,公共救濟
1193-75-1,文藝復興式
1193-75-2,高麗大學校主樓
1193-75-3,日本
1193-77-1,高麗時期
1193-77-2,《三國史記》
1193-77-3,400人
1193-79-1,西方文明
1193-79-2,日本帝國主義
1193-79-3,同化政策
1193-85-1,青春勵志片
1193-85-2,《天國的階梯
1193-85-3,製導合一
1193-88-1,傳統音樂
1193-88-2,鄭京和
1193-88-3,男中音
1193-91-1,1998年
1193-91-2,《風之國度》
1193-91-3,網路遊戲
1183-1-1,模特兒
1183-1-2,超級模特兒
1183-1-3,女性模特兒
1183-4-1,模特
1183-4-2,職業規則顯然非常損健康
1183-4-3,模特
6502-2-1,受貨幣經濟影響
6502-2-2,責令六波羅探題將天皇身邊的日野資朝等人處分
6502-2-3,吉田定房
4982-1-1,音樂方面
4982-1-2,公元前6至前5世紀
4982-1-3,無佛像時代
4982-14-1,個性溫和的雕塑
4982-14-2,日本
4982-14-3,受到中國與印度的文化所影響，但開始顯現本土特色
4982-15-1,唐朝
4982-15-2,高麗國
4982-15-3,樺樹
4982-16-1,日本
4982-16-2,鎌倉時代
4982-16-3,道元禪師
4982-20-1,公元前三世紀
4982-20-2,13世紀
4982-20-3,寮國
4982-6-1,西漢的版圖向西擴張
4982-6-2,佛像
4982-6-3,北魏孝文帝
4982-7-1,《四十二章經》
4982-7-2,公元68年
4982-7-3,甘肅省
6019-5-1,楊森
6019-5-2,最大
6019-5-3,民國37年
2455-1-1,挪威
2455-1-2,奧斯陸峽灣
2455-1-3,森林
2455-1-4,1070年
2455-10-1,1925年
2455-10-2,高房價
2455-10-3,11000間
2455-10-4,阿克爾自治市
2455-2-1,黑死病
2455-2-2,1624年
2455-2-3,克里斯蒂安尼亞
2455-2-4,第二次工業革命
2455-3-1,航海貿易
2455-3-2,歐洲聯盟委員會
2455-3-3,ECA國際2011年進行的一項調查顯示，奧斯陸是全球生活成本第二高的城市，僅次於東京。根據經濟學人智庫的統計，2013年奧斯陸也名列全球生活和學習成本最高的四座城市之一。1952年，奧斯陸曾舉辦過冬季奧運會。1993年5月，在美國的主導下，以色列和巴勒斯坦在這裡簽訂了著名的奧斯陸協議。另外，奧斯陸也是諾貝爾和平獎的頒獎地，每年的頒獎儀式在奧斯陸市政廳舉行。
2455-3-4,冬季奧運會
3221-2-1,隋朝初廢郡置瓜州，初期敦煌被遊牧民族突厥及吐谷渾占據。隋煬帝即位後，出兵擊破吐谷渾，西突厥也被迫投降，重新控制敦煌，絲綢之路再度打通。大業三年復置敦煌郡，罷鳴沙縣復名敦煌縣。唐朝武德二年置沙州，敦煌進入興盛時期。建中二年，為吐蕃占領，唐宣宗大中二年，沙州人士張議潮募兵集眾起義，經過血戰奪回敦煌城，使河西地區重歸唐王朝，大中五年唐廷在敦煌設置歸義軍，並任命張議潮為敦煌歸義軍節度使。後梁末帝朱友貞乾化二年敦煌迎來一位新的統治者曹議金。他主張與近鄰修好並大力農牧業，使敦煌恢復了一派繁華的景象，莫高窟的開始了一個以大洞窟開鑿為主的時代。北宋景祐三年敦煌為西夏占領，統治敦煌達191年。元滅西夏後，於至元十四年復設沙州。1280年升為沙州路總管府，隸屬甘肅行中書省。明朝永樂三年改為沙州衛，後增設罕東左衛。嘉靖七年因葉爾羌汗國攻擊，關閉嘉峪關，從此瓜州、沙州成為葉爾羌汗國領土。清朝雍正元年設沙州所，旋升為沙州衛。雍正四年，從甘肅56州縣移民2400多戶到沙州屯墾。乾隆三十五年改為敦煌縣。1949年9月28日敦煌解放，10月7日成立敦煌縣人民政府，屬酒泉地區。1986年被國務院列為國家歷史文化名城。1987年9月28日撤縣設敦煌市，隸屬於地級酒泉市。敦煌位於古代中國通往西域、中亞和歐洲的交通要道——絲綢之路上，曾經擁有繁榮的商貿活動。境內有漢代所築的兩座長城關隘玉門關和陽關，均為軍事要塞，是漢唐王朝和西域的分界點。後人詩句春風不度玉門關、西出陽關無故人，以及古琴名曲陽關三疊等，都是指此處。今兩關及長城遺址尚存。附近還有懸泉置遺址，為漢晉時期的驛站遺址。
3221-2-2,張議潮
3221-2-3,曹議金
3221-2-4,隋朝初廢郡置瓜州，初期敦煌被遊牧民族突厥及吐谷渾占據。隋煬帝即位後，出兵擊破吐谷渾，西突厥也被迫投降，重新控制敦煌，絲綢之路再度打通。大業三年復置敦煌郡，罷鳴沙縣復名敦煌縣。唐朝武德二年置沙州，敦煌進入興盛時期。建中二年，為吐蕃占領，唐宣宗大中二年，沙州人士張議潮募兵集眾起義，經過血戰奪回敦煌城，使河西地區重歸唐王朝，大中五年唐廷在敦煌設置歸義軍，並任命張議潮為敦煌歸義軍節度使。後梁末帝朱友貞乾化二年敦煌迎來一位新的統治者曹議金。他主張與近鄰修好並大力農牧業，使敦煌恢復了一派繁華的景象，莫高窟的開始了一個以大洞窟開鑿為主的時代。北宋景祐三年敦煌為西夏占領，統治敦煌達191年。元滅西夏後，於至元十四年復設沙州。1280年升為沙州路總管府，隸屬甘肅行中書省。明朝永樂三年改為沙州衛，後增設罕東左衛。嘉靖七年因葉爾羌汗國攻擊，關閉嘉峪關，從此瓜州、沙州成為葉爾羌汗國領土。清朝雍正元年設沙州所，旋升為沙州衛。雍正四年，從甘肅56州縣移民2400多戶到沙州屯墾。乾隆三十五年改為敦煌縣。1949年9月28日敦煌解放，10月7日成立敦煌縣人民政府，屬酒泉地區。1986年被國務院列為國家歷史文化名城。1987年9月28日撤縣設敦煌市，隸屬於地級酒泉市。敦煌位於古代中國通往西域、中亞和歐洲的交通要道——絲綢之路上，曾經擁有繁榮的商貿活動。境內有漢代所築的兩座長城關隘玉門關和陽關，均為軍事要塞，是漢唐王朝和西域的分界點。後人詩句春風不度玉門關、西出陽關無故人，以及古琴名曲陽關三疊等，都是指此處。今兩關及長城遺址尚存。附近還有懸泉置遺址，為漢晉時期的驛站遺址。
3221-2-5,1986年
3221-3-1,1987年
3221-3-2,莫高窟
3221-3-3,歐美國家
3221-3-4,敦煌石窟
3221-3-5,太陽能
6002-1-1,中世紀中期
6002-1-2,11世紀
6002-1-3,黑死病
6002-1-4,天主教會
6207-1-1,2901.3平方公里
6207-1-2,鋁土礦
6207-1-3,民國時期
6429-2-1,「雕像」
6429-2-2,在1850年，吉迪恩·曼特爾在沒有發現康氏鯨龍的化石是個嵌合體的狀況下，認為康氏鯨龍與短體鯨龍之間有足夠的不同處，足以成立個別的屬。曼特爾最初打算將牠們命名為Colossosaurus，但他發現colossus在古希臘文中意為「雕像」，而非「巨人」，因此改名為康氏畸形龍。在之後幾年，許多新發現標本被歸類於畸形龍與鯨龍。由於這一連串錯誤，畸形龍曾經被視為鯨龍的次客觀同物異名。由於沒有新的標本被歸類於短體鯨龍，由Phillips在1871年建立的牛津鯨龍反而成為鯨龍屬中最多化石的種。由於牛津鯨龍的化石出土於英國的另一個地層，時間為侏儸紀中到晚期，年代較短體鯨龍更早。在1970年代，古生物學家認定牛津鯨龍是種更原始的蜥腳類恐龍，與短體鯨龍不同，足以成立新的屬。但這樣會造成矛盾處，畸形龍與鯨龍將成為同種生物，畸形龍成為無效名稱，鯨龍必須更改屬名。為了避免此種狀況，古生物學家保羅·厄普丘奇與約翰·馬丁在2003年對國際動物命名委員會提出要求，將鯨龍的模式種從短體鯨龍更改為牛津鯨龍，保留康氏畸形龍，停止使用短體鯨龍。
6429-2-3,國際動物命名委員會
3563-1-1,甲醇
3563-1-2,甲醇
3563-1-3,羅伯特·波義耳
3563-1-4,二氧化碳
3563-1-5,1834年
3208-4-1,五年
3208-4-2,18個
3208-4-3,6位
3208-4-4,資金贊助學校的發展
3208-4-5,南加大是私立大學，由監理會管理，由約50名投票所產生的理事與幾名常務理事、榮譽理事和不投票的退休理事所組成的。監理會投票成員五年一任，每年改選五分之一的席次，只有不參選的理事可以投票。理事多半由是大型組織的高級主管、傑出校友以及大學管理高層或三者結合組成。大學行政系統包含一位校長、監理事、數位負責不同部門的副校長、一位財務主管、資訊總監和體育指導員。現任校長為C.L. Max Nikias。文理科學學院、研究所、18個專業學校分別各由一位學院院長負責。南加大有時會授予榮譽退職頭銜給先前的行政長官，目前有6位榮譽退職的行政長官。雖然只有一百多年的歷史，南加大的課程水準極受肯定，其中商學院、電影、傳播、建築、醫學及理工學院等科系在美國大學中相當知名，在美國新聞與世界報導的排名上也從不缺席。尤其電影學院伴隨著好萊塢的電影工業發展，造就了不少電影界的奇才，最著名的校友是電影《星際大戰》的導演喬治·盧卡斯和音效大師班·布特、《達文西密碼》的導演朗霍華、《阿甘正傳》的導演羅勃·辛密克斯、約翰·米遼士、《巧克力工廠》的導演大衛·L·沃爾普等。這些校友在功成名就後以資金贊助學校的發展，是校方豐沛的財源之一。
3208-7-1,聖母大學
3208-7-2,Trojan噴漆，而USC的學生也不甘示弱的回敬在UCLA的草皮上燒出USC的縮寫，讓警方不得不數次警告，最後，這場衝突在USC校長Dr. Rufus B. von Kleinsmid威脅下—如果再發生紊亂將取消USC-UCLA的比賽，終於停止了紛爭。1942年11月12日，勝利鐘用輪子載到特洛依銅像Tommy
3208-7-3,Farrer—簽署了協議書，同意往後年度的特洛依-小熊足球比賽的優勝者，隨後的一年可以保有此鐘，也就是說，此鐘留在該年比賽勝利的學校，隨後、USC的校友會付給UCLA的校友會一半鐘的費用。當時的協議看似不利於小熊，因為他們從未打敗過USC，但在第一年的比賽，1942年，UCLA狠狠的痛擊USC，14比7。USC總共贏得7個足球賽季的勝利鐘，在主場比賽時，無論是在玫瑰盃USC對上UCLA，前四分之三局時，勝利鐘會擺在球場邊，當特洛依得分時，特洛依騎士和USC
3208-7-4,聖母大學
3208-7-5,蓋爾人
6388-1-1,中華人民共和國
6388-1-2,德宏州
6388-1-3,西漢元封二年
3431-1-1,英國
3431-1-2,寄郵人已支付全部或部分傳遞費用
3431-1-3,財源
3431-1-4,雅各·雷奧爾德·德·維利埃
3431-11-1,澳大利亞新南威爾斯州
3431-11-2,英屬印度
3431-11-3,瑞士
3431-11-4,300美元
3431-12-1,法國
3431-12-2,1904年4月1日
3431-12-3,德國郵政
3431-12-4,欠資郵票
3431-13-1,蓋銷
3431-13-2,希臘語
3431-13-3,燈罩
3431-13-4,蓋戳形式
3431-3-1,1841年2月10日
3431-3-2,1841年2月10日
3431-3-3,瑞士蘇黎世州
3431-3-4,1849年11月1日
3431-3-5,1878年1月
3431-4-1,郵值標籤
3431-4-2,一戰前夕
3431-4-3,一次大戰期間
3431-4-4,起到醜化對手的作用
3431-5-1,電子郵件
3431-5-2,收藏者
3431-5-3,德國
3431-5-4,航天技術
3431-9-1,臺灣
3431-9-2,中華民國初年
3431-9-3,中央印製廠
3431-9-4,德國財政局
3431-9-5,中央印製廠
6334-4-1,國民議會
6334-4-2,政府的長期不穩定
6334-4-3,1999年
4947-6-1,高血壓
4947-6-2,5月17日
4947-6-3,美國心臟學會
5672-1-1,《鋼鐵是怎樣煉成的》
5672-1-2,索契
5672-1-3,亞裔安納托利亞人
6027-11-1,托爾金
6027-11-2,1939年
6027-11-3,牛津大學
6027-13-1,《魔戒》
6027-13-2,愛德華·懷克-史密斯
6027-13-3,《斯納格的奇妙大陸》
6027-5-1,摩根
6027-5-2,1903年
6027-5-3,傻瓜塔
6027-7-1,三歲
6027-7-2,分散了托爾金對學業的注意力
6027-7-3,1913年
6027-9-1,斯塔福德郡
6027-9-2,1971年
6027-9-3,失落的故事集
5720-3-1,2300多種
5720-3-2,66種
5720-3-3,長白山優質天然礦泉
5531-1-1,洛厄爾天文台
5531-1-2,24英吋克拉克望遠鏡
5531-1-3,帕西瓦爾·洛厄爾
5531-1-4,威廉·洛厄爾·普特南
3519-2-1,1910年
3519-2-2,布里斯托鎊
3519-2-3,布里斯托大學
3519-2-4,八月
5551-1-1,有絲分裂
5551-1-2,有絲分裂
5551-1-3,配子
2434-1-1,春秋
2434-1-2,738年，唐開元二十六年
2434-1-3,袁晁率起義軍
2434-1-4,浙江海商
2434-3-1,中華民國
2434-3-2,當地中國漁民義救出300多名英國軍人。1945年，日本戰敗投降，舟山復歸中華民國。1949年，民國三十八年，因戰時需要，定海縣分為定海、滃州兩縣，馬跡山以北蘇屬各島設立江蘇省嵊泗縣。1950年5月13日夜至16日拂曉，駐舟山的中華民國國軍秘密自舟山當地撤退，滃州縣實際解散，是爲舟山撤退。之後中國人民共和國，中國共產黨解放軍進占舟山群島，成立定海縣人民政府，屬寧波專區管轄。1953年3月經政務院批准，定海縣轄區分為定海縣、普陀縣、岱山縣3縣，並從江蘇省劃入嵊泗縣，成立舟山專區。1954年象山縣自寧波專區劃入，但在1958年轉劃歸台州專區。1959年撤定海、普陀、岱山、嵊泗縣，合併成立舟山縣，舟山專區僅轄舟山1縣。1960年1月4日，舟山專區撤消，舟山縣改屬寧波專區。同年11月，所屬嵊泗人民公社劃歸上海市。1962年5月重新設立舟山專區，並撤銷舟山縣，改分為定海、普陀、岱山、大衢、嵊泗5縣。1964年大衢縣撤銷，其轄區分別劃歸岱山、嵊泗2縣。1967年3月起舟山專區改稱舟山地區。
2434-3-3,中國共產黨解放軍
2434-3-4,1958年
6005-1-1,義大利
6005-1-2,阿爾卑斯山
6005-1-3,杜林
6005-10-1,杜林
6005-10-2,1863年
6005-10-3,文藝復興
6005-12-1,卡洛·埃馬努埃萊一世
6005-12-2,1606年
6005-12-3,1997年
6005-14-1,開羅
6005-14-2,2008年
6005-14-3,杜林
6005-4-1,773年
6005-4-2,阿爾杜伊尼卡家族
6005-4-3,阿得雷德的去世
6005-7-1,1906年
6005-7-2,杜林
6005-7-3,義大利汽車之都
6204-2-1,蒸汽膨脹
6204-2-2,瓦特
6204-2-3,放氣減壓
6209-2-1,電動機
6209-2-2,內燃機引擎
6209-2-3,1899年
6209-5-1,1985年
6209-5-2,匿蹤性能較佳
6209-5-3,混合動力自行車
6209-5-4,中國大陸
6211-2-1,國務院常務會議
6211-2-2,中國郵政集團公司
6211-2-3,《中華人民共和國全民所有制工業企業法》
6211-3-1,2006年
6211-3-2,2006年
6211-3-3,北京
2527-10-1,倭國
2527-10-2,山東半島
2527-10-3,488年
2527-10-4,朝鮮半島
2527-11-1,高句麗
2527-11-2,水軍
2527-11-3,王白駒
2527-12-1,杜慧度
2527-12-2,大象
2527-12-3,陽邁一世
2527-12-4,阮彌之
2527-12-5,獅子外型
2527-15-1,江北地區
2527-15-2,世族
2527-15-3,桑
2527-15-4,農業
2527-15-5,三吳地區
2527-7-1,刺史
2527-7-2,刺史
2527-7-3,荊州
2527-7-4,劉柳、劉湛父子
2527-7-5,劉駿
5508-2-1,波蘭人
5508-2-2,《開槍射擊令》
5508-2-3,1989年
5508-8-1,「地區邊界」
5508-8-2,西柏林一側
5508-8-3,柵欄
5508-9-1,查理檢查站
5508-9-2,東德使館
5508-9-3,西方遊客
5508-9-4,1980年代
3432-2-1,1000年
3432-2-2,伊利諾伊州
3432-2-3,西班牙人
3432-2-4,舊莫比爾
3432-2-5,西佛羅里達
3432-5-1,40倍
3432-5-2,一直維持議會的高度集權
3432-5-3,1901年
3432-5-4,凱·艾維
3432-5-5,105名
3432-6-1,阿拉巴馬州
3432-6-2,阿拉巴馬州
3432-6-3,67個
3432-6-4,25個
1180-15-1,分子雲內部
1180-15-2,分子雲
1180-15-3,原恆星
1180-16-1,自轉軸的兩極
1180-16-2,主序帶
1180-16-3,46億年
1180-17-1,0.01
1180-17-2,主序帶的階段
1180-17-3,燃料量和消耗燃料的速率
1180-20-1,超過9倍太陽質量的大質量恆星會膨脹
1180-20-2,碳融合
1180-20-3,惰性
1180-21-1,地球
1180-21-2,白矮星
1180-21-3,超新星
1180-28-1,徑向速度
1180-28-2,百萬分之一弧秒/年
1180-28-3,第一星族的恆星速度通常比較老
1180-3-1,耗盡了核心的氫燃料
1180-3-2,核心
1180-3-3,重力作用
1180-32-1,0.07個太陽質量
1180-32-2,年輕恆星
1180-32-3,水委一
1180-33-1,每秒30轉
1180-33-2,主序帶
1180-33-3,色指數
1180-36-1,光度
1180-36-2,總能量
1180-36-3,紅矮星
1180-38-1,天狼星
1180-38-2,5000000倍
1180-38-3,老人星
1180-4-1,天狼星
1180-4-2,古代
1180-4-3,曆法
1180-42-1,恆星自轉
1180-42-2,壓力梯度
1180-42-3,因為外面的部份溫度會比內部核心的低
1180-45-1,最低層
1180-45-2,氣泡狀範圍
1180-45-3,質能
1180-46-1,氦
1180-46-2,矽燃燒過程
1180-46-3,「歐」型恆星
1180-5-1,西元前1534年
1180-5-2,春秋時期
1180-5-3,焦爾達諾·布魯諾
1180-6-1,李察·賓特利
1180-6-2,傑米尼安諾·蒙塔納利
1180-6-3,白塞爾
1180-9-1,量子物理學的進展
1180-9-2,一億光年
1180-9-3,銀河系
6066-2-1,「南極條約協商會議」
6066-2-2,28個
6066-2-3,《馬德里議定書》
3209-1-1,同盟國
3209-1-2,德國
3209-1-3,否決權
3209-1-4,非洲國家
3209-1-5,咖啡俱樂部
5584-1-1,烏茲別克斯坦
5584-1-2,維吾爾語
5584-1-3,阿布海兒汗時代
5584-2-1,清宣宗時代
5584-2-2,烏孜別克人
5584-2-3,突厥
3579-2-1,高昂的嫁妝
3579-2-2,文森特
3579-2-3,傳教士
3579-2-4,西格里
3579-2-5,帕多瓦大學
3579-5-1,焦爾達諾·布魯諾
3579-5-2,《天體運行論》
3579-5-3,數學科幻
3579-5-4,烏爾班八世
3579-5-5,《關於托勒密和哥白尼兩大世界體系的對話》
5619-1-1,赫爾辛基
5619-1-2,斯德哥爾摩
5619-1-3,中華全國體育總會
5619-3-1,12個
5619-3-2,第十五屆奧運會
5619-3-3,1992年
6513-1-1,理論心理學
6513-1-2,應用心理學家
6513-1-3,「靈魂」
6513-10-1,加拿大
6513-10-2,二十世紀
6513-10-3,行為主義元素
6513-3-1,海什木
6513-3-2,1874年
6513-3-3,馮特
6516-2-1,阿弗剌昔牙卜
6516-2-2,喀喇汗國
6516-2-3,其副汗或小汗多帶有伊利的的稱號
6516-4-1,麻赫穆德·喀什噶里
6516-4-2,佛教
6516-4-3,「雙汗制」
6516-5-1,伊斯蘭教
6516-5-2,喀喇汗國
6516-5-3,阿圖什
4984-1-1,羅馬共和國時期
4984-1-2,主動方
4984-1-3,據傳在與比提尼亞國王的性行為中處於被動地位
4984-2-1,哈德良
4984-2-2,埃及
4984-2-3,古希臘文化的影響，羅馬共和國中後期
3296-4-1,王亞南
3296-4-2,馬來西亞
3296-4-3,吉隆坡
3296-4-4,2016年
6439-3-1,英國
6439-3-2,不知道散彈槍可以發射小顆粒的霰彈
6439-3-3,七十年代
5468-2-1,大學生的城市
5468-2-2,11月祭」
5468-2-3,甲午戰爭
5468-3-1,1933年
5468-3-2,《我於青春無悔》
5468-3-3,瀧川
4962-13-1,明朝
4962-13-2,甲午戰爭
4962-13-3,《舊金山和約》
4962-3-1,明朝
4962-3-2,釣魚臺
4962-3-3,明朝
4962-8-1,1972年
4962-8-2,1978年
4962-8-3,日本青年社
6080-2-1,無障礙環境
6080-2-2,高架車站
6080-2-3,整個站體都位於天橋上的車站
5438-1-1,威尼斯影展
5438-1-2,1978年
5438-1-3,1956年
5438-1-4,銀熊獎
5529-2-1,9世紀
5529-2-2,羅貝爾
5529-2-3,羅貝爾
5529-3-1,土魯斯
5529-3-2,布朗茜
5529-3-3,1270年
5529-3-4,阿拉貢王國
5529-6-1,法國東部
5529-6-2,猶太人
5529-6-3,1312年
5529-7-1,俗世什一稅
5529-7-2,巴黎聖母院
5529-7-3,國務會議
4988-1-1,周文公
4988-1-2,鎬京
4988-1-3,「三監之亂」
4994-1-1,地中海
4994-1-2,直布羅陀海峽
4994-1-3,30米
2388-13-1,建築與規劃學院是全美第一所建築學院
2388-13-2,理察·科伯恩·麥克勞林
2388-13-3,鋼筋混凝土
2388-13-4,萬神廟
2388-17-1,美國大學協會
2388-17-2,六億七千多萬美金
2388-17-3,庫侖阻力
2388-17-4,克勞德夏農
2388-18-1,自然科學
2388-18-2,肌萎縮性脊髓側索硬化症
2388-18-3,傑羅姆萊特文
2388-18-4,莫里斯哈勒
2388-3-1,兩天
2388-3-2,波士頓
2388-3-3,土地銷售
2388-3-4,波士頓理工
2388-7-1,軍事科研活動
2388-7-2,1940年
2388-7-3,多腔磁控管雷達技術
2388-7-4,戰時研發商
2388-7-5,四千名
2388-9-1,尼古拉斯·尼葛洛龐帝
2388-9-2,麻省理工學院
2388-9-3,霍克菲爾德
6499-1-1,負責全國邊海防工作
6499-1-2,1949年
6499-1-3,1958年
6499-1-4,國家邊海防委員會
6499-3-1,1973年
6499-3-2,邊防具體業務工作
6499-3-3,以適應對外開放的需要
6224-17-1,1846年
6224-17-2,蘇聯
6224-17-3,巴斯德
6224-2-1,科學社會學
6224-2-2,1960年代
6224-2-3,孔恩
6224-20-1,亞里士多德
6224-20-2,柏拉圖
6224-20-3,聖奧古斯丁
6224-3-1,玉米
6224-3-2,天文學
6224-3-3,中東
6224-4-1,數學
6224-4-2,莎草紙
6224-4-3,哲學家
6224-5-1,泰勒斯
6224-5-2,每一種事物都是由原子所組成的
6224-5-3,柏拉圖
6224-6-1,阿基米德
6224-6-2,印度河流域文明
6224-6-3,婆羅摩笈多
6224-8-1,四次重差觀測術
6224-8-2,王孝通
6224-8-3,元代
6224-9-1,李時珍
6224-9-2,中國最早有關傳染病研究的著作
6224-9-3,博物學
6224-9-4,沈括
1147-2-1,梵語
1147-2-2,《八篇書》
1147-2-3,俗語
1147-3-1,吠陀
1147-3-2,梵語
1147-3-3,公元前第一個千年的中期
1147-8-1,19世紀
1147-8-2,天城體
1147-8-3,天城體
3574-3-1,布爾什維克革命
3574-3-2,俄羅斯
3574-3-3,經濟大恐慌
3574-3-4,供給創造需求
3574-3-5,國家統治者透過集體利益性的方式，達到社會目標的實現
5722-7-1,《布告各省公啟》
5722-7-2,唐德剛
5722-7-3,1900年1月27日上海電報局總辦經元善領銜通電要求光緒皇帝「力疾臨御，勿存退位之思」；簽名者有葉瀚、馬裕藻、章炳麟、汪貽年、丁惠康、沈藎，唐才常、經亨頤、蔡元培、黃炎培等1231人；經元善等1231人同時發表《布告各省公啟》，要求各省共同力爭，「如朝廷不理，則請我諸工商通行罷市集議」。各國公使認為立儲事件影響中國形勢穩定，隨之提出警告，拒絕入賀。慈禧太后對列強怨恨甚深，載漪等人對西方列強及光緒帝更為仇恨。歷史學家唐德剛支持宮廷權力鬥爭是義和團運動激化的其中一個原因的觀點。唐德剛將惇親王載濂、端郡王載漪、輔國公載瀾、莊親王載勛四名同族兄弟比作四人幫，將剛毅比作林彪，將義和團比喻為紅衛兵。載字輩四名同族兄弟、剛毅及其一幫扶助義和團的大臣如趙舒翹、毓賢、董福祥等，利用義和團的民間力量及慈禧太后對洋人又怕又恨的心態，排斥光緒帝等帝黨和打擊洋人勢力。在多次御前會議上，他們當眾羞辱光緒帝及主和大臣，溥儁甚至直斥光緒為二毛子。
6175-2-1,中生代侏羅紀
6175-2-2,德國
6175-2-3,第三紀中新世
3439-2-1,100萬到1兆倍
3439-2-2,大爆炸理論
3439-2-3,星系天文學
3439-2-4,伽利略
6306-4-1,風能是與風速的三次方成所正比，所以風機高度愈高，發電量愈多
6306-4-2,m。因為自然界中的風速並不穩定，所以無法像使用燃料的火力發電廠一樣，可以依照用電需求來調整發電量。因此風力發電整年發電量的計算方法與其他能源不同。安裝良好的風力發電機實際的發電量可達35%，跟一般使用燃料的發電廠的渦輪機相比，每年可發電量最多可到350kW。雖然風能輸出的功率是難以預測的，但每年發電量的變化應在幾個百分比之內。因風能不能持續產生，常以抽水蓄能電站或其他方法來儲存風能以保持電力能持續供應，這大約增加25%費用。風力發電廠是在同一地點的一群風力發動機用來產生電力。一個大型風力發電廠可能包括幾百個獨立的風力渦輪機，並覆蓋數百平方英里的擴展區域，但在渦輪機之間的土地仍然可用於農業或其他用途，但是許多機種都有噪音過大的問題、因此必須遠離住家。風力發電廠既可以位於在陸地上，也可以位於在海洋上。
6306-4-3,噪音過大
5622-1-1,西班牙瓦倫西亞
5622-1-2,亞歷山大六世
5622-1-3,西班牙
5622-2-1,1455年
5622-2-2,教會法學
5622-2-3,副大法官
5622-3-1,英國
5622-3-2,克倫威爾路
5622-3-3,體育部
5622-3-4,五個
3417-3-1,惠金斯原理
3417-3-2,電磁波理論模型
3417-3-3,量子光學
3417-3-4,物理光學
4971-1-1,仙台市
4971-1-2,全市綠化比例高
4971-1-3,伊達政宗
3341-11-1,1946年
3341-11-2,全蒙古是中國的一部分
3341-11-3,三分之二多數同意
3341-11-4,任何涉及中國代表權變更問題的議案都是重要問題案
3341-11-5,35號
3341-2-1,外蒙古
3341-2-2,東經
3341-2-3,辛亥革命
3341-2-4,中國在外蒙主權
3341-4-1,日本天皇
3341-4-2,徐樹錚
3341-4-3,直皖戰爭
3341-4-4,哲布尊丹巴
3341-4-5,徐樹錚
3341-5-1,張作霖
3341-5-2,《蘇蒙修好條約》
3341-5-3,撤軍
3341-5-4,蘇聯第三國際
3341-5-5,蘇聯遠東軍
3341-7-1,內蒙古自治政府
3341-7-2,扶助弱小民族使之自治自決
3341-7-3,日本
3341-7-4,西伯利亞鐵路
4976-4-1,東芝
4976-4-2,第4
4976-4-3,白熱電燈泡
5548-4-1,道本頓
5548-4-2,1803年
5548-4-3,荷蘭皇家研究所
6015-1-1,國防部空軍司令部
6015-1-2,《國防報告書
6015-1-3,1937年
6015-1-4,二戰時期
3213-1-1,東羅馬帝國
3213-1-2,93位
3213-1-3,16世紀
3213-1-4,君士坦丁大帝
3213-1-5,新羅馬
3213-10-1,天主教
3213-10-2,伊斯蘭教
3213-10-3,利奧三世
3213-10-4,利奧三世
3213-10-5,大瘟疫
3213-14-1,巴西爾二世
3213-14-2,薩繆爾
3213-14-3,查士丁尼一世
3213-14-4,巴西爾二世
3213-14-5,君士坦丁八世
3213-2-1,希臘文化
3213-2-2,620年
3213-2-3,赫羅尼姆斯·沃爾夫
3213-2-4,鄂圖曼帝國
3213-2-5,文藝復興運動
3213-20-1,約翰二世·科穆寧皇帝
3213-20-2,1171年
3213-20-3,威尼斯人
3213-20-4,十字軍洗劫君士坦丁堡
3213-20-5,匈牙利
3213-23-1,伊薩克二世
3213-23-2,拉丁人
3213-23-3,第四次十字軍
3213-23-4,阿列克修斯·杜卡斯
3213-23-5,三天
3213-24-1,古希臘時代
3213-24-2,參加十字軍的領主
3213-24-3,6個威尼斯人和6個法蘭西人
3213-24-4,東方帝國
3213-24-5,法蘭西人
3213-25-1,科龍港
3213-25-2,博尼法斯二世
3213-25-3,奧東·德拉羅什
3213-25-4,阿希佩戈拉公國
3213-25-5,蘇丹
3213-39-1,金銀珠寶
3213-39-2,帕拉多霍祭壇組雕
3213-39-3,第四次十字軍東征
3213-39-4,中國
3213-43-1,預言
3213-43-2,3400萬
3213-43-3,280天
3213-43-4,貿易稅
3213-43-5,東羅馬
3213-45-1,敘利亞
3213-45-2,斯拉夫人
3213-45-3,安娜·德·薩伏伊皇后
3213-45-4,出售皇室財產土地和借高利貸
3213-45-5,君士坦丁堡
3213-49-1,拜占庭政府中的蠻族事務局
3213-49-2,中東
3213-49-3,皇帝體系
3213-49-4,落實外交政策
3213-49-5,外交手段
1152-10-1,新北市
1152-10-2,烏來區
1152-10-3,為早期韓國華僑的聚集所在
1152-13-1,臺灣新北地方法院
1152-13-2,選舉人數超過三百萬
1152-13-3,藍營
1152-16-1,1138公頃
1152-16-2,新北市
1152-16-3,水力發電廠
1152-17-1,人口眾多
1152-17-2,新北市的主要行政區過去皆為全面依賴臺北市的衛星城市
1152-17-3,新北市
1152-2-1,新北市
1152-2-2,位居台灣北部
1152-2-3,位居台灣北部
1152-22-1,新北市
1152-22-2,24所
1152-22-3,新北市
1152-28-1,新北市
1152-28-2,22條
1152-28-3,微笑單車租借站
1152-5-1,消極的制度
1152-5-2,沈葆楨
1152-5-3,1887年
1152-6-1,日本
1152-6-2,中華民國政府
1152-6-3,中華民國99年12月25日
1152-8-1,新北市
1152-8-2,石碇區石碇里
1152-8-3,中南部
3362-4-1,全球資訊網
3362-4-2,網路
3362-4-3,2005年3月20日
3362-4-4,網景通訊公司
3362-4-5,昇陽電腦公司
4979-1-1,元老院首席議員
4979-1-2,前一世紀
4979-1-3,朱利烏斯·凱撒
4979-2-1,首席的元老
4979-2-2,奧古斯都
4979-2-3,屋大維
6456-1-1,《麥健時報告書》
6456-1-2,負責制訂政策
6456-1-3,2個
6456-1-4,環境地政局
6456-2-1,2002年
6456-2-2,這些決策局的重組方式
6456-2-3,發展局
6374-1-1,以避免造成路口交通不暢
6374-1-2,低地蘇格蘭語
6374-1-3,在道路無需軌道行駛上的電車
6374-2-1,首條用於客運的路面有軌車輛在1807年於英國啟用，是以馬匹拉動的，稱為公共馬車。隨後於19世紀上半葉出現在美國。1828年馬里蘭州巴爾的摩修建了第一條有軌馬車線路，類似線路於1832年在紐約市開通，1834年在紐奧良開通。1879年，德國工程師西門子在柏林的博覽會上首先嘗試使用電力帶動軌道車輛。此後俄國的聖彼得堡、加拿大的多倫多都進行過開通路面電車的商業嘗試。匈牙利的布達佩斯在1887年創立了首個電動電車系統，1888年美國維吉尼亞州的里奇蒙也開通了路面電車。路面電車在20世紀初的歐洲、美洲、大洋洲和亞洲的一些城市風行一時。隨著私家汽車、公共汽車及其他路面交通在1950年代起的普及，不少路面電車系統於20世紀中葉陸續被拆卸。路面電車網絡在北美、英國、西班牙等地幾乎完全消失。但在瑞士、德國、波蘭、奧地利、義大利、比利時、荷蘭、日本及東歐、千里達及托巴哥、泰國、等國，路面電車網絡仍然保養良好，或者被繼續現代化。　近年大眾開始認識到大量使用私家汽車而引起空氣污染、依賴汽油、泊車困難等種種問題。不少政府因此亦改變過度依賴汽車的交通規劃策略。公共汽車由於與其他汽車共用路面，速度不能得到很大的提高。而地下鐵路成本高昂，在市郊使用亦不太合適。反觀路面電車的優點逐漸明顯。1970年代末起，部份沒有路面電車的地方政府在研究後，開始建造新的路面電車線。很多仍有路面電車的城市亦增加線路，或把原有系統現代化。
6374-2-2,首條用於客運的路面有軌車輛在1807年於英國啟用，是以馬匹拉動的，稱為公共馬車。隨後於19世紀上半葉出現在美國。1828年馬里蘭州巴爾的摩修建了第一條有軌馬車線路，類似線路於1832年在紐約市開通，1834年在紐奧良開通。1879年，德國工程師西門子在柏林的博覽會上首先嘗試使用電力帶動軌道車輛。此後俄國的聖彼得堡、加拿大的多倫多都進行過開通路面電車的商業嘗試。匈牙利的布達佩斯在1887年創立了首個電動電車系統，1888年美國維吉尼亞州的里奇蒙也開通了路面電車。路面電車在20世紀初的歐洲、美洲、大洋洲和亞洲的一些城市風行一時。隨著私家汽車、公共汽車及其他路面交通在1950年代起的普及，不少路面電車系統於20世紀中葉陸續被拆卸。路面電車網絡在北美、英國、西班牙等地幾乎完全消失。但在瑞士、德國、波蘭、奧地利、義大利、比利時、荷蘭、日本及東歐、千里達及托巴哥、泰國、等國，路面電車網絡仍然保養良好，或者被繼續現代化。　近年大眾開始認識到大量使用私家汽車而引起空氣污染、依賴汽油、泊車困難等種種問題。不少政府因此亦改變過度依賴汽車的交通規劃策略。公共汽車由於與其他汽車共用路面，速度不能得到很大的提高。而地下鐵路成本高昂，在市郊使用亦不太合適。反觀路面電車的優點逐漸明顯。1970年代末起，部份沒有路面電車的地方政府在研究後，開始建造新的路面電車線。很多仍有路面電車的城市亦增加線路，或把原有系統現代化。
6374-2-3,首條用於客運的路面有軌車輛在1807年於英國啟用，是以馬匹拉動的，稱為公共馬車。隨後於19世紀上半葉出現在美國。1828年馬里蘭州巴爾的摩修建了第一條有軌馬車線路，類似線路於1832年在紐約市開通，1834年在紐奧良開通。1879年，德國工程師西門子在柏林的博覽會上首先嘗試使用電力帶動軌道車輛。此後俄國的聖彼得堡、加拿大的多倫多都進行過開通路面電車的商業嘗試。匈牙利的布達佩斯在1887年創立了首個電動電車系統，1888年美國維吉尼亞州的里奇蒙也開通了路面電車。路面電車在20世紀初的歐洲、美洲、大洋洲和亞洲的一些城市風行一時。隨著私家汽車、公共汽車及其他路面交通在1950年代起的普及，不少路面電車系統於20世紀中葉陸續被拆卸。路面電車網絡在北美、英國、西班牙等地幾乎完全消失。但在瑞士、德國、波蘭、奧地利、義大利、比利時、荷蘭、日本及東歐、千里達及托巴哥、泰國、等國，路面電車網絡仍然保養良好，或者被繼續現代化。　近年大眾開始認識到大量使用私家汽車而引起空氣污染、依賴汽油、泊車困難等種種問題。不少政府因此亦改變過度依賴汽車的交通規劃策略。公共汽車由於與其他汽車共用路面，速度不能得到很大的提高。而地下鐵路成本高昂，在市郊使用亦不太合適。反觀路面電車的優點逐漸明顯。1970年代末起，部份沒有路面電車的地方政府在研究後，開始建造新的路面電車線。很多仍有路面電車的城市亦增加線路，或把原有系統現代化。
6374-2-4,首條用於客運的路面有軌車輛在1807年於英國啟用，是以馬匹拉動的，稱為公共馬車。隨後於19世紀上半葉出現在美國。1828年馬里蘭州巴爾的摩修建了第一條有軌馬車線路，類似線路於1832年在紐約市開通，1834年在紐奧良開通。1879年，德國工程師西門子在柏林的博覽會上首先嘗試使用電力帶動軌道車輛。此後俄國的聖彼得堡、加拿大的多倫多都進行過開通路面電車的商業嘗試。匈牙利的布達佩斯在1887年創立了首個電動電車系統，1888年美國維吉尼亞州的里奇蒙也開通了路面電車。路面電車在20世紀初的歐洲、美洲、大洋洲和亞洲的一些城市風行一時。隨著私家汽車、公共汽車及其他路面交通在1950年代起的普及，不少路面電車系統於20世紀中葉陸續被拆卸。路面電車網絡在北美、英國、西班牙等地幾乎完全消失。但在瑞士、德國、波蘭、奧地利、義大利、比利時、荷蘭、日本及東歐、千里達及托巴哥、泰國、等國，路面電車網絡仍然保養良好，或者被繼續現代化。　近年大眾開始認識到大量使用私家汽車而引起空氣污染、依賴汽油、泊車困難等種種問題。不少政府因此亦改變過度依賴汽車的交通規劃策略。公共汽車由於與其他汽車共用路面，速度不能得到很大的提高。而地下鐵路成本高昂，在市郊使用亦不太合適。反觀路面電車的優點逐漸明顯。1970年代末起，部份沒有路面電車的地方政府在研究後，開始建造新的路面電車線。很多仍有路面電車的城市亦增加線路，或把原有系統現代化。
6374-4-1,2009年
6374-4-2,2013年
6374-4-3,美國
3234-1-1,天子
3234-1-2,鮮卑
3234-1-3,唐太宗
3234-1-4,唐太宗
3234-1-5,突厥
5724-14-1,2011年
5724-14-2,金日成
5724-14-3,朝鮮白頭山
5724-14-4,藝聲
5724-2-1,國務委員會委員長
5724-2-2,朝鮮民主主義人民共和國元帥
5724-2-3,瑞士
5724-4-1,軍隊編制問題
5724-4-2,張成澤
5724-4-3,1月8日
5724-4-4,胡錦濤
5724-5-1,金正恩
5724-5-2,朝鮮勞動黨中央委員會委員
5724-5-3,2010年
5724-5-4,翻版金日成
5724-8-1,牡丹峰樂團
5724-8-2,南北韓高級別會談機制
5724-8-3,2016年
5724-9-1,傳播色情
5724-9-2,牡丹峰樂團團長
5724-9-3,張成澤
2520-1-1,發明家
2520-1-2,第53
2520-1-3,不動產
2520-1-4,比爾蓋茲
2520-1-5,1600分
2509-3-1,行為不檢點
2509-3-2,性犯罪
2509-3-3,2013年
2509-3-4,美國中央情報局
2509-3-5,韓國海關
1199-11-1,美川王
1199-11-2,342年
1199-11-3,391年
1199-12-1,40年
1199-12-2,太祖王
1199-12-3,三國史記
1199-14-1,意圖完全擺脫漢朝的控制
1199-14-2,高句麗在這時期也開始接受其周邊國家的朝貢，也「遣使如漢」。與此同時，高句麗對樂浪郡、玄菟郡和遼東多次發動攻勢，意圖完全擺脫漢朝的控制。118年，高句麗聯合濊貊攻打玄菟郡華麗城。121年，太祖王「攻玄菟、遼東二郡，焚其城郭，殺獲二千餘人」。同年夏，太祖王合鮮卑共八千人攻遼東，太守蔡諷以下百餘人戰死；同年冬，太祖王合馬韓、濊貊共萬餘攻玄菟郡，但是由於夫餘對漢軍的援助，高句麗的攻擊沒能取得勝利。146年，太祖王襲擾樂浪郡，殺帶方縣令，掠樂浪太守妻子。高句麗的擴張與集權化，導致了與漢朝玄菟、樂浪二郡的直接武力衝突。漢朝軍事壓力迫使高句麗遷都到丸都城。
1199-14-3,漢朝軍事壓力
1199-20-1,高句麗安藏王被刺殺
1199-20-2,83年
1199-20-3,唐史學家
1199-22-1,隋文帝開皇九年四月，隋滅南陳
1199-22-2,大雨
1199-22-3,隋文帝開皇九年四月，隋滅南陳
1199-4-1,扶餘王子朱蒙因與其他王子不和，逃離夫餘國
1199-4-2,《續資治通鑑長編》卷323宋元豐五年二月己巳條
1199-4-3,西元28年
1199-5-1,三國史記
1199-5-2,高句麗
1199-5-3,光武帝建武八年，新成立的東漢接受高句麗的朝貢。高句麗人在其成立的初期是由濊貊人和夫餘人組成的。據《三國志》記載，濊的「言語法俗大抵與句麗同」。《三國史記》説高句麗王是來自黃帝之孫高陽氏。據公元4世紀的好太王碑記載，高句麗的始建者朱蒙是扶餘國王與河伯女兒柳花夫人的兒子，後被金蛙王收養。朱蒙遭到帶素的謀殺後，逃離東夫餘，來到卒本夫餘。朱蒙與卒本夫餘國王的女兒結婚，後又成為卒本夫餘國國王，創建高句麗國。建國第一年驅逐勿吉，公元前36年，高句麗滅沸流國；公元前33年，滅荇人國；公元前28年，滅北沃沮。大武神王時代殺東扶餘王帶素。有觀點認為高句麗一名，來自沸流國的高夷。高句麗的王族是桂婁部。沸流國的高夷是高句麗基本族源，溶入一部分扶餘與貊人，靺鞨族。高句麗一字有人以它字根桂婁解釋，說是城池，另一說法是貊人。
1199-6-1,主體史學
1199-6-2,建築於高山上的城堡
1199-6-3,夫餘人
6045-1-1,期貨交易所
6045-1-2,商品期貨
6045-1-3,日本
6045-1-4,稻米
6501-2-1,北宋
6501-2-2,康熙四十八年
6501-2-3,直接管理寺院周圍13莊政教事務
3256-1-1,公元前240年
3256-1-2,希臘文化
3256-1-3,宙斯
3256-1-4,拉丁語
3256-1-5,武力
3256-6-1,西塞羅句法
3256-6-2,西塞羅
3256-6-3,愷撒
3256-6-4,《內戰記》
3256-6-5,西塞羅
3256-8-1,阿普列尤斯
3256-8-2,《金驢記》
3256-8-3,《希臘、羅馬名人傳》
3256-8-4,《羅馬十二帝王傳》
3256-8-5,《薩蒂里卡》
6295-1-1,幽默
6295-1-2,比較具體的修飾手法
6295-1-3,《全唐詩》
3316-10-1,通貨膨脹
3316-10-2,部隊局
3316-10-3,俄國
3316-10-4,1935年
3316-10-5,俄國
3316-11-1,法國
3316-11-2,迦太基式的和平
3316-11-3,奧匈帝國
3316-11-4,俄羅斯帝國
3316-11-5,俾斯麥
3316-2-1,德國工業
3316-2-2,老虎
3316-2-3,意圖維持一個均衡的歐洲
3316-2-4,伍德羅·威爾遜
3316-6-1,自萊茵河發動入侵
3316-6-2,65000平方公里
3316-6-3,《布列斯特-立陶夫斯克條約》
3316-6-4,薩爾煤礦
5633-1-1,掃雷艇部隊
5633-1-2,德意志聯邦共和國
5633-1-3,康拉德·阿登納
6230-1-1,克孜勒
6230-1-2,烏里雅蘇臺將軍
6230-1-3,清代
4938-1-1,馬來-玻里尼西亞語族
4938-1-2,印尼
4938-1-3,廖內省
6078-11-1,羽柴秀吉
6078-11-2,羽柴秀吉
6078-11-3,1590年
6078-13-1,1807年
6078-13-2,日美神奈川條約
6078-13-3,1867年
6078-14-1,1868年
6078-14-2,屯田兵制度
6078-14-3,排灣族
6078-17-1,1920年
6078-17-2,蘇俄退出第一次世界大戰
6078-17-3,大正天皇
6078-21-1,天皇
6078-21-2,日本社會黨
6078-21-3,日本社會黨。鳩山一郎再次結合他的民主黨
6078-4-1,倭王權
6078-4-2,大和國
6078-4-3,4世紀
3303-11-1,光緒十七年
3303-11-2,對日抗戰
3303-11-3,半日制學堂
3303-11-4,武器設計製造
3303-11-5,重慶理工大學
5577-6-1,拉丁字母
5577-6-2,拉丁字母
5577-6-3,史達林
5577-6-4,拉丁字母
5577-7-1,漢語拼音方案
5577-7-2,拉丁字母
5577-7-3,東正教
5577-7-4,西里爾字母
5500-1-1,赤城鎮政府街1號
5500-1-2,懷柔區
5500-1-3,康熙三十二年
3210-2-1,歐洲工業文明崛起
3210-2-2,科技
3210-2-3,anticipation
3210-2-4,《科學怪人》
3210-2-5,赫伯特·喬治·威爾斯
3210-6-1,商業上的活力
3210-6-2,約翰·坎貝爾
3210-6-3,歷史
3210-6-4,《新奇故事》更名為《新奇科幻》
3210-6-5,坎貝爾
2471-1-1,中國國民黨
2471-1-2,第一次國共內戰
2471-1-3,中華人民共和國
2471-1-4,1979年
2471-10-1,周恩來
2471-10-2,中國青年黨
2471-10-3,東北停戰協定
2471-10-4,二戰
2471-4-1,政治主張
2471-4-2,五權憲法
2471-4-3,軍政
2471-4-4,暴力革命
2471-7-1,蔣中正
2471-7-2,鮑羅廷
2471-7-3,南京國民政府
5476-2-1,馬略
5476-2-2,募兵制
5476-2-3,財產資格限制
3356-1-1,3個產程
3356-1-2,夜裡10點
3356-1-3,過渡期
3356-1-4,13小時
3356-1-5,8小時
3356-2-1,屁股
3356-2-2,完全臀位
3356-2-3,橫位
3356-2-4,產婦之前有無生產
3356-2-5,對刺激的回應
3356-3-1,500毫升
3356-3-2,增強孩子免疫
3356-3-3,情感支持
3356-3-4,氧化亞氮氣體
6359-5-1,東漢
6359-5-2,史夔
6359-5-3,李白
6359-6-1,溧陽
6359-6-2,翟中和
6359-6-3,史和平
6359-7-1,1991年
6359-7-2,中國溧陽茶葉節
6359-7-3,2008年
5420-1-1,史坦波中心
5420-1-2,1970年
5420-1-3,史蒂夫·鮑爾默
5420-1-4,水牛城勇士
2489-1-1,日語
2489-1-2,俄羅斯
2489-1-3,1600個
2489-1-4,年降雨量
2489-1-5,49.3萬人
2489-6-1,魏源
2489-6-2,寧古塔副都統
2489-6-3,全國地圖正保御國繪圖
2489-6-4,尼布楚條約
2489-6-5,拉彼魯茲
3474-1-1,白色
3474-1-2,白色
3474-1-3,艾薩克·牛頓
3474-1-4,白色是一種包含光譜中所有顏色光的顏色，通常被認為是無色的，其明度最高，色相為零。可以將光譜中三原色的光：紅色、藍色和綠色按一定比例混合得到白光。光譜中所有可見光的混合也是白光。在繪畫中，可以用白色顏料描繪白色，白色顏料和黑色顏料混合可以得到灰色，和其他顏料混合可以讓其他顏色的色相減弱，明度提高。在中國畫和水彩畫創作中，經常利用紙的白色，在畫面上留出空白。以前許多科學家認為，白光是最基本的光，其他顏色的光是在白光上添加了某些元素。但英國科學家艾薩克·牛頓的研究，揭露了白光是由光譜中各種顏色的光組成的。現在光學中，稱黑體在加熱到不同溫度釋放出的輻射光都叫做白光，最低發光溫度為2848K，相當於白熾燈泡的溫度；劇場中白光等溫度達到3200K；白天天光的溫度相當於5400K，但是由多種顏色的光組成的，從最低溫度的紅光到將近25000K的紫光都包括在內。但並不是所有黑體輻射都是白光，宇宙背景輻射也是黑體輻射，只有3K。國際照明協會所規定的標準白光是6500K時的黑體輻射，相當於白天的天光。
6042-3-1,閻錫山
6042-3-2,成為抗日民族統一戰線的具體組織形式
6042-3-3,1939年
2285-2-1,明文列出來
2285-2-2,分發式政策
2285-2-3,良好行為
2285-2-4,憲法
2472-1-1,二
2472-1-2,萊茵魯爾
2472-1-3,民族文化多元化
2472-1-4,阿爾法級別
2487-6-1,約瑟夫
2487-6-2,史達林
2487-6-3,俄國革命
2487-6-4,鄂圖曼帝國
2487-6-5,英軍司令部
2487-9-1,1991年
2487-9-2,全面性
2487-9-3,俄羅斯聯邦軍隊
2496-1-1,克羅埃西亞
2496-1-2,貝爾格勒
2496-1-3,軸心國
2496-1-4,冷戰
2496-2-1,民族主義復活
2496-2-2,南斯拉夫內戰
2496-2-3,科索沃
2496-3-1,十月革命
2496-3-2,1919年
2496-3-3,塞爾維亞社會民主黨
2496-3-4,納粹德國
2496-3-5,約瑟夫史達林
2496-8-1,狄托主義
2496-8-2,經濟
2496-8-3,西歐
2496-8-4,1955年
2460-3-1,東晉元帝
2460-3-2,東吳
2460-3-3,東晉
5716-2-1,印地語
5716-2-2,「岡底」在藏語和「斯」在印地語中都是「雪」的意思。主峰岡仁波齊藏語中意為「雪山寶貝」。白堊紀中期岡底斯山脈開始隆起，中晚始新世印度板塊與亞洲板塊相撞、擠壓、斷裂與褶皺上升形成山脈主體。岡底斯山脈是西藏印度洋外流水系與藏北內流水系的主要分水嶺。高峰岡仁波齊峰海拔6714米，巨大的金字塔鑽戒形狀十分陡峭，至今無人攀登成功。岡底斯山脈南側氣候溫涼稍乾燥，以亞高山草原為主。北側氣候嚴寒乾燥，以高山草原為主。主峰岡仁波齊也被簡稱為岡底斯山，坐落於峰巒起伏的岡底斯山脈西段群山之中自古以來是西藏、中亞和南亞各地人們仰慕、朝聖和旅遊的聖地，是佛教、苯教、印度教、耆那教教徒心目中「世界的中心」。
5716-2-3,岡仁波齊峰
5716-2-4,世界的中心
6410-1-1,以建設中國特色社會主義
6410-1-2,鄧小平
6410-1-3,「鄧小平建設有中國特色社會主義理論」
6410-3-1,恢復市場的功能，以邁向生產力理論
6410-3-2,計劃經濟體制
6410-3-3,自主性
6410-3-4,依法治國
4956-3-1,為了獲得大寧地區的駐牧權
4956-3-2,1428年
4956-3-3,1449年
4956-3-4,中路軍
4918-2-1,彌爾
4918-2-2,1823年
4918-2-3,書籍
4918-4-1,彌爾
4918-4-2,改革法案
4918-4-3,邊沁
1158-2-1,繩文人和大洋洲的諸民族都有與丹尼索瓦人混血
1158-2-2,新蒙古人種
1158-2-3,繩文人
5392-4-1,德里克·羅勃茲
5392-4-2,倫敦大學
5392-4-3,2013年
4998-2-1,美觀
4998-2-2,代表宇宙秩序
4998-2-3,1486年
3394-2-1,民國十八年
3394-2-2,100萬以上
3394-2-3,唐生智
3394-2-4,汪兆銘
3394-2-5,蔣中正
3394-3-1,蔣中正
3394-3-2,中華民國政府
3394-3-3,臺北
3394-3-4,5月20日
4887-3-1,科什圖尼察
4887-3-2,南斯拉夫聯盟
4887-3-3,四年
2458-1-1,豐臣秀吉
2458-1-2,德川家康
2458-1-3,天皇
2458-1-4,足利義輝
2458-1-5,城堡
2458-4-1,德川家
2458-4-2,1590年
2458-4-3,天下人
2458-4-4,三中老
1174-13-1,西部魯爾區
1174-13-2,阿29
1174-13-3,亞德港
1174-15-1,呂訥堡石楠草原南部的貝爾根
1174-15-2,原子能
1174-15-3,27千兆瓦
1174-19-1,3座
1174-19-2,韋爾夫公爵「獅子亨利
1174-19-3,漢諾瓦的技術信息圖書館
1174-20-1,人文角度看，下薩克森邦幅員遼闊
1174-20-2,二戰後
1174-20-3,19世紀
1174-21-1,歐洲巴洛克風格
1174-21-2,聖凱薩琳教堂
1174-21-3,下薩克森邦
1174-22-1,海因利希・弗格勒
1174-22-2,下薩克森邦
1174-22-3,下薩克森邦
1174-23-1,哥廷根亨德爾國際音樂節
1174-23-2,下薩克森邦邦政府
1174-23-3,漢諾瓦
1174-26-1,風景怡人
1174-26-2,17.5%
1174-26-3,伊斯蘭教
1174-4-1,英國
1174-4-2,1951年4月13日
1174-4-3,一大批來自原第三帝國東部的難民
1174-7-1,2003年3月4日
1174-7-2,基民盟
1174-7-3,2008年1月27日
1174-9-1,社會民主黨
1174-9-2,25個
1174-9-3,6座
2521-2-1,2006年
2521-2-2,暴雪娛樂公司
2521-2-3,魔獸世界
2521-2-4,郵箱業務
3269-1-1,第265任
3269-1-2,第八位
3269-1-3,2013年2月11日
3269-1-4,600年
3269-1-5,榮休教宗
3269-2-1,教宗保祿六世
3269-2-2,2005年
3269-2-3,德語地區
3269-2-4,78歲
